url,url_mobile,title,seendate,socialimage,domain,language,sourcecountry,keyword,target_language,content_hash
https://allafrica.com/stories/202504280423.html,,"Nigeria Secures $5 . 5bn Investment to Train 2 , 000 Pharmaceutical Professionals Annually",20250428T140000Z,,allafrica.com,English,Nigeria,Nigeria,English,9791dcf95649ce72c33b85d11b01aeea
https://guardian.ng/news/solar-panel-import-ban-may-trigger-150-price-surge-worsen-energy-cost-crisis/,,"Solar panel import ban may trigger 150 % price surge , worsen energy cost crisis",20250428T071500Z,https://cdn.guardian.ng/wp-content/uploads/2025/04/solar.jpg,guardian.ng,English,Nigeria,Nigeria,English,417d1fd8f07da49b40fb316384f0b518
https://fr.allafrica.com/stories/202504280652.html,,Afrique de lOuest : OmniRetail lève 20 millions de dollars pour développer la distribution de produits de grande consommation dans la région,20250428T184500Z,,fr.allafrica.com,French,Nigeria,Nigeria,French,b45b8f3e16e54545d51000d8946921f3
https://theconversation.com/les-aliments-fermentes-dafrique-un-patrimoine-culinaire-aux-vertus-insoupconnees-254901,,"Les aliments fermentés dAfrique , un patrimoine culinaire aux vertus insoupçonnées",20250428T170000Z,https://images.theconversation.com/files/662683/original/file-20250418-56-mpnzwv.jpg?ixlib=rb-4.1.0&rect=0%2C55%2C668%2C334&q=45&auto=format&fit=crop,theconversation.com,French,Australia,Nigeria,French,c82d43f5c9926efc8d4f60e29bc551bc
https://www.163.com/dy/article/JU9DKBPT0549BAP0.html,https://m.163.com/dy/article/JU9DKBPT0549BAP0.html,放松一下 ， 迈尼昂参加法国国王联赛并罚入点球,20250428T184500Z,,163.com,Chinese,China,Nigeria,Chinese,17670b783e258355b539e4710d3ada7a
https://pda.kp.ru/online/news/6348823/,,Болельщиков дурят : Мошенники продают фейковые билеты на матч Россия - Нигерия,20250427T050000Z,,pda.kp.ru,Russian,,Nigeria,Russian,3596cd1f8236596d5c89f384f5b31fe6
https://piter.tv/event/Uchenie_rabotayut_nad_vakcinoj_ot_filovirusov_smertonosnih_rodstvennikov_Eboli/,,"Ученые работают над вакциной от филовирусов , смертоносных родственников Эболы",20250428T060000Z,http://static.piter.tv/images/news_photos/FqFj6whNDsI82TTPw9UPBntXrRwkoj6I.webp,piter.tv,Russian,Russia,Nigeria,Russian,1260e926385250083c0b1161a067a635
https://www.kiro7.com/news/americans-might-love-cinco-de-mayo-few-know-what-theyre-celebrating/7F3GC6PBF5JQHMGQWWJV2UBH7M/,https://www.kiro7.com/news/americans-might-love-cinco-de-mayo-few-know-what-theyre-celebrating/7F3GC6PBF5JQHMGQWWJV2UBH7M/?outputType=amp,"Americans might love Cinco de Mayo , but few know what theyre celebrating",20250428T180000Z,https://cmg-cmg-tv-10090-prod.cdn.arcpublishing.com/resizer/v2/https%3A%2F%2Fcloudfront-us-east-1.images.arcpublishing.com%2Fcmg%2FZUTIBTR6FVPDBOD6DXH2UN3WEQ.jpg?auth=485ef03ba0c0b4f1612d087773447aa8c9331832c6cedd3400fdd52e25cd9858&smart=true,kiro7.com,English,United States,Mexico,English,b0941f717c4b86019f29624bf2bf91eb
https://www.purepeople.com:443/article/gene-hackman-de-nouveaux-details-reveles-sur-ses-derniers-jours-lacteur-dans-lincapacite-de-se-nourrir_a537476/1,,"Gene Hackman : De nouveaux détails révélés sur ses derniers jours , lacteur dans lincapacité de se nourrir",20250428T130000Z,https://static1.purepeople.com/uploads/87/a3/50/77/509f157782c74899-1200x630-2.jpg,purepeople.com,French,France,Mexico,French,5e071701043e32328a3fda204e94dbc2
https://www.laprovence.com/article/region/5563750053614614/quest-ce-que-camerone-la-bataille-quemmanuel-macron-va-venir-commemorer-a-aubagne-mercredi,,"Quest - ce que Camerone , la bataille quEmmanuel Macron va venir commémorer à Aubagne ? ",20250427T134500Z,https://pictures.laprovence.com/cdn-cgi/image/media/melody/2025/04/27/au-musee-de-la-legion-etrangere-a-aubagne-une-plaque-commemorative-rend-hommage-aux-soldats-morts-lo-1745760405_61366ebc1e08657366ebc1e088b366v_.jpg,laprovence.com,French,France,Mexico,French,11ed9e48af4e9a35528f721e8e39fc15
https://www.zonebourse.com/cours/action/VINPAI-156683371/actualite/Vinpai-recul-de-l-activite-trimestrielle-49733962/,,Vinpai : recul de lactivité trimestrielle,20250428T071500Z,https://www.zonebourse.com/images/twitter_ZB_fdnoir.png,zonebourse.com,French,France,Mexico,French,0c6a14948fcf336adf4ca39450464407
https://www.laprovence.com/article/politique/4887993886496914/emmanuel-macron-se-rendra-a-aubagne-mercredi-prochain-au-commandement-de-la-legion-etrangere,,Emmanuel Macron se rendra à Aubagne mercredi prochain pour présider la cérémonie de Camerone,20250426T191500Z,https://pictures.laprovence.com/cdn-cgi/image/media/melody/2025/04/26/le-president-francais-emmanuel-macron-le-12-novembre-2024-1745692606_835711d01e376875711d01e376b571v_.jpg,laprovence.com,French,France,Mexico,French,da591a805948567eb13579dcfcecbdb0
https://www.speedweek.com/formel1/news/171310/Callum-Ilott-(Ferrari)-2021-im-Alfa-Romeo-oder-Haas.html,,Callum Ilott ( Ferrari ): 2021 im Alfa Romeo oder Haas / Formel 1,20250428T031500Z,https://img.speedweek.com/i/8/84d6ec5f7b0d49409b17cd6ce69253a4.jpg?preset=f,speedweek.com,German,Germany,Mexico,German,dc9e5ce71b90d0b59103aad7ee440b93
https://www.finanznachrichten.de/nachrichten-2025-04/65226717-wirtschaftsterrorismus-nyse-legende-tuchman-warnt-ein-tweet-reicht-und-dein-depot-implodiert-049.htm,,Wirtschaftsterrorismus !: NYSE - Legende Tuchman warnt : Ein Tweet reicht,20250428T071500Z,https://assets.wallstreet-online.de/_media/22490/personen/size_1280/476626795.jpg,finanznachrichten.de,German,Germany,Mexico,German,37ffbe5f8fa333b36ee9c106f93c9a93
https://www.finanznachrichten.de/nachrichten-2025-04/65222383-chancen-fuer-anleger-airlines-im-sturzflug-505.htm,,Chancen für Anleger : Airlines im Sturzflug,20250426T211500Z,https://www.finanznachrichten.de/content/g/fb.png,finanznachrichten.de,German,Germany,Mexico,German,7717c1a5a6d8e295ab4feda9b5485e41
https://www.finanznachrichten.de/nachrichten-2025-04/65235034-erfolgreiches-quartal-heliostar-ueberzeugt-auf-ganzer-linie-674.htm,,Erfolgreiches Quartal : Heliostar überzeugt auf ganzer Linie,20250428T154500Z,https://www.finanznachrichten.de/chart-heliostar-metals-ltd-aktie-intraklein-stuttgart.png,finanznachrichten.de,German,Germany,Mexico,German,8088dacb1fd0d6a419501bf7b0c073b8
https://finance.sina.com.cn/tech/roll/2025-04-27/doc-ineuqqcy6328739.shtml,,乘联分会崔东树 ： 2025年1 - 3月中国汽车进口9 . 5万辆 ， 同比下降39 % ,20250427T054500Z,https://n.sinaimg.cn/spider20250427/368/w1125h843/20250427/13de-c6523f63e7a7d5316f03974a7866de6c.jpg,finance.sina.com.cn,Chinese,China,Mexico,Chinese,537cdd9aee798f14f06817e2ea45d20b
http://military.people.com.cn/n1/2025/0427/c1011-40469095.html,,  兵专家  带出过硬骨干 -- 军事 -- 人民网,20250427T021500Z,,military.people.com.cn,Chinese,China,Mexico,Chinese,f3cedea1c3591a630e3786a473e502c1
http://www.soutalomma.com/Article/1167318/%D8%A3%D9%88%D8%B1%D9%88%D8%A8%D8%A7-%D9%85%D9%86-%D8%A7%D9%84%D8%AD%D9%84%D9%8A%D9%81-%D8%A5%D9%84%D9%89-%D8%A7%D9%84%D8%AE%D8%B5%D9%85-%D9%83%D9%8A%D9%81-%D9%8A%D9%81%D9%83%D8%B1-%D8%AA%D8%B1%D8%A7%D9%85%D8%A8,,أوروبا من الحليف إلى الخصم .. كيف يفكر ترامب ؟ ,20250426T214500Z,https://img.soutalomma.com/large/2019101410060969.jpg,soutalomma.com,Arabic,Egypt,Mexico,Arabic,a71ee30d507b23080e80f27f23cb8b8f
https://www.tayyar.org/News/Business/662718/_guid=662718,,tayyar . org - كيف أثرت سياسات ترامب على الاقتصاد العالمي في أول 100 يوم ؟ ,20250428T074500Z,https://static.tayyar.org/Content/ResizedImages/663/423/outside/trumbox250428100755190~.jpg,tayyar.org,Arabic,Lebanon,Mexico,Arabic,a55faa7f19d29f87a3e6375488f0e5a8
https://www.aleqt.com/2025/04/28/article_2760459.html,,عملات الأسواق الناشئة تستقر مع ترقب نتائج مفاوضات الحرب التجارية,20250428T150000Z,https://www.aleqt.com/sites/default/files/rbitem/2025/04/28/2435230-696304131.jpg,aleqt.com,Arabic,Saudi Arabia,Mexico,Arabic,8ccb05794304f9fd753db11cca3bd1ec
https://regnum.ru/news/3961817,https://regnum.ru/amp/3961817,Эксперты назвали причину смерти оскароносного актера Джина Хэкмена,20250428T054500Z,https://cdn.regnum.ru/uploads/pictures/news/2025/04/28/regnum_picture_17458133888681_social.jpg,regnum.ru,Russian,Russia,Mexico,Russian,11c2213fbcb8315557d78601c09aecc8
https://www.rbc.ru/rbcfreenews/680eff049a794701afa87f51,https://amp.rbc.ru/rbcnews/rbcfreenews/680eff049a794701afa87f51,Fox News назвал официальную причину смерти актера Джина Хэкмена,20250428T054500Z,https://s0.rbk.ru/v6_top_pics/media/img/3/22/347458148984223.jpg,rbc.ru,Russian,Russia,Mexico,Russian,af4de5e8be5559d1ee84ce4062c4da67
https://tass.ru/kultura/23798635,https://tass.ru/kultura/23798635/amp,Fox раскрыл причину смерти актера Джина Хэкмена,20250428T054500Z,https://cdn-storage-media.tass.ru/thumb/ru/kultura/23798635?u=2025-04-28T05:10:14.173525,tass.ru,Russian,Russia,Mexico,Russian,795fcca33bae9e33b928376375b76cfd
https://hiphople.com/kboard/31887449,,"UMC 출연 프로레슬링과 함께 인생을 살아간다는 것 , 유승균 센세이 오셨다구 | 더위톡 EP . 10",20250428T170000Z,,hiphople.com,Korean,Japan,Mexico,Korean,07961e55da4e6fe96978626bc17efbe7
"https://www.uai.com.br/app/entretenimento/variedades/2025/04/28/interna-variedades,360230/antes-de-vir-ao-brasil-lady-gaga-estreia-turne-no-mexico.shtml","https://www.uai.com.br/amp/entretenimento/variedades/2025/04/28/interna-variedades,360230/antes-de-vir-ao-brasil-lady-gaga-estreia-turne-no-mexico.shtml","Antes de vir ao Brasil , Lady Gaga estreia turnê no México",20250428T181500Z,https://i.uai.com.br/JcmmBLx76hHn4BrEyamL3qMeu_A=/800x420/smart/imgsapp2.uai.com.br/app/noticia_133890394703/2025/04/28/360230/antes-de-vir-ao-brasil-lady-gaga-estreia-turne-no-mexico_1_16233.png,uai.com.br,Portuguese,Brazil,Mexico,Portuguese,53a6b52580f1e02e2bd1d0200a1def17
https://en.antaranews.com/news/353113/business-council-formed-to-advance-indonesia-south-korea-economic-ties,,Business Council formed to advance Indonesia - South Korea economic ties,20250428T071500Z,https://cdn.antaranews.com/cache/1200x800/2025/04/28/IMG_1376.jpeg,en.antaranews.com,English,Indonesia,Indonesia,English,99f3daf4fa3f3b873f73e91bad53ec18
https://en.antaranews.com/news/353137/indonesia-explores-manpower-cooperation-with-uae-china,,"Indonesia explores manpower cooperation with UAE , China",20250428T071500Z,https://cdn.antaranews.com/cache/1200x800/2025/04/28/d163f0bd-76c8-43a9-8e95-2d58f82a22f4.jpeg,en.antaranews.com,English,Indonesia,Indonesia,English,6c79c442d3f951427145f4944e1c467c
http://www.china.org.cn/2025-04/26/content_117846885.shtml,,China solar tech companies eye for Indonesian market,20250427T074500Z,,china.org.cn,English,China,Indonesia,English,724cdb4f23d99ac86f3d3353fb9295e7
https://www.thejakartapost.com/business/2025/04/28/lg-departure-marks-rude-awakening-for-indonesias-nickel-downstream-dream.html,,LG departure marks rude awakening for Indonesia nickel downstream dream - Tech,20250428T030000Z,https://img.jakpost.net/c/2023/05/15/2023_05_15_138447_1684166171._large.jpg,thejakartapost.com,English,Indonesia,Indonesia,English,a11fce19865ae92f1d1140334927b762
https://www.channelnewsasia.com/business/south-korean-firms-increase-indonesia-investments-17-billion-minister-says-5094381,,"South Korean firms to increase Indonesia investments by $1 . 7 billion , minister says",20250428T084500Z,"https://dam.mediacorp.sg/image/upload/s--4JMemakW--/fl_relative,g_south_east,l_mediacorp:cna:watermark:2024-04:reuters_1,w_0.1/f_auto,q_auto/c_fill,g_auto,h_338,w_600/v1/one-cms/core/2025-04-28t082238z_1_lynxmpel3r0bb_rtroptp_3_indonesia-economy-gdp.jpg?itok=mzKk6G23",channelnewsasia.com,English,United States,Indonesia,English,5bb42df5d79d5e8860f58146c1c7f9cb
https://www.fredzone.org/de-openai-a-perplexity-en-passant-par-yahoo-il-convoitent-tous-le-navigateur-chrome-de-google/,,De Openai à Perplexity en passant par yahoo ; il convoitent tous le navigateur Chrome de Google ! ,20250426T234500Z,https://www.fredzone.org/wp-content/uploads/2024/06/147926503_m_normal_none-scaled.jpg,fredzone.org,French,United States,Indonesia,French,ded6f9c6ebfa416fad76d96464842b21
https://www.dhnet.be/dernieres-depeches/2025/04/27/motogpespagne-un-marquez-peut-en-cacher-un-autre-quartararo-sur-le-podium-3RQW6P476BEZXDE3WHGIZRDMF4/,,"MotoGP / Espagne : un Marquez peut en cacher un autre , Quartararo sur le podium",20250427T161500Z,https://www.dhnet.be/resizer/v2/7VMUDRERRBCZFHIRPIT3OFNCE4.png?auth=e26ec744f03e936804ed79e7aebfa711f3f6ad9ee4d8768a59ebacc7229c4737&quality=85&smart=true,dhnet.be,French,Belgium,Indonesia,French,e6a085b820ca506bc777eb415b08fc09
https://www.nicematin.com/moto/motogp-espagne-un-marquez-peut-en-cacher-un-autre-quartararo-sur-le-podium-983620,https://www.nicematin.com/amp/moto/motogp-espagne-un-marquez-peut-en-cacher-un-autre-quartararo-sur-le-podium-983620,"Absent des podiums depuis 18 mois , le Niçois Fabio Quartararo termine deuxième du MotoGP dEspagne",20250427T153000Z,https://fyooyzbm.filerobot.com/v7/afp/36cc90f341ced0765bf98ee9a6b1577fa40e72f7-xcyShcag.jpg?vh=d828e2&ci_seal=d8d9e657b6,nicematin.com,French,France,Indonesia,French,4020cdce6f6c538c303bb2e90d9dee2e
https://www.linternaute.com/actualite/depeches/7825641-motogp-espagne-un-marquez-peut-en-cacher-un-autre-quartararo-sur-le-podium/,,"MotoGP / Espagne : un Marquez peut en cacher un autre , Quartararo sur le podium",20250427T183000Z,https://img-4.linternaute.com/JysvyyaAhmWwSOwHj2NT0UgVmf4=/1500x/smart/dd1aa221b05e44b99b16c27e6ea30701/ccmcms-linternaute/74458342.jpg,linternaute.com,French,France,Indonesia,French,6a16847c75c5b49d0c82c9bf09bd817a
https://www.lequipe.fr/Moto/Article/-une-journee-vraiment-positive-malgre-sa-chute-sur-le-sprint-fabio-quartararo-revit-avec-sa-yamaha/1557342,," « Une journée vraiment positive » : malgré sa chute sur le sprint , Fabio Quartararo revit avec sa Yamaha",20250427T013000Z,"https://medias.lequipe.fr/img-photo-jpg/le-francais-fabio-quartararo-a-chute-lors-du-deuxieme-tour-sur-le-circuit-de-jerez-apres-une-attaque-de-marc-marquez-l-swiderek-psp-photopsp/1500000002188758/0:0,2000:1333-640-427-75/28234",lequipe.fr,French,France,Indonesia,French,14dcd0662fd80f4ad48eda6db4eda0e5
https://www.lequipe.fr/Moto/Article/-je-me-sens-sur-la-lune-j-avais-totalement-oublie-ca-l-acte-de-renaissance-de-fabio-quartaro/1557512,," « Je me sens sur la lune , javais totalement oublié ça » : lacte de renaissance de Fabio Quartararo",20250427T204500Z,"https://medias.lequipe.fr/img-photo-jpg/fabio-quartararo-tout-sourire-dimanche-apres-sa-deuxieme-place-au-grand-prix-d-espagne-j-soriano-afp/1500000002189255/0:0,919:613-640-427-75/121ca",lequipe.fr,French,France,Indonesia,French,44f885a77c4fcf8e7c84a9df2208adde
https://www.ladepeche.fr/2025/04/27/un-avion-ne-repond-plus-bonne-nuit-malaysian-trois-sept-zero-lenigme-du-boeing-777-de-malaysia-airlines-le-vol-mh370-12643020.php,,"Un avion ne répond plus :  Bonne nuit , Malaysian Trois Sept Zéro … L  énigme du Boeing 777 de Malaysia Airlines , le vol MH370",20250427T061500Z,https://images.ladepeche.fr/api/v1/images/view/68024ede216d4d1b0e03e5a2/large/image.jpg?v=1,ladepeche.fr,French,France,Indonesia,French,a370703ca221ba64d7a687da174f0983
https://www.air-journal.fr/2025-04-28-virgin-atlantic-etend-son-reseau-avec-riyad-vise-seoul-en-2026-5262536.html,,"Virgin Atlantic étend son réseau avec Riyad , vise Séoul en 2026",20250428T081500Z,https://www.air-journal.fr/wp-content/uploads/air-journal_Virgin-Atlantic-A330-200-2018.jpg,air-journal.fr,French,France,Indonesia,French,ac8229cb69a69d73473e84acd9ace7e9
http://world.people.com.cn/n1/2025/0427/c1002-40469115.html,,纪念万隆会议70周年国际研讨会在印尼举行 -- 国际 -- 人民网,20250427T051500Z,,world.people.com.cn,Chinese,China,Indonesia,Chinese,bda29bd128699a6e9d0ff90a3ba15ca0
https://ec.ltn.com.tw/article/breakingnews/5025298,https://ec.ltn.com.tw/amp/article/breakingnews/5025298,美關稅衝擊中國2千萬工作 台灣等10國恐成中企倒貨重鎮,20250427T121500Z,https://img.ltn.com.tw/Upload/business/page/800/2025/04/27/5025298_1.jpg,ec.ltn.com.tw,Chinese,Taiwan,Indonesia,Chinese,ad52dee1d697cb990823bce2baf82f18
https://www.cna.com.tw:443/news/acn/202504280123.aspx,,美中關稅戰影響 中國製造商尋找替代銷路 | 兩岸,20250428T071500Z,https://imgcdn.cna.com.tw/www/WebPhotos/1024/20250428/1152x768_wmkn_0_C20250428000109.jpg,cna.com.tw,Chinese,Taiwan,Indonesia,Chinese,a38e948734843210bd172e864397f992
https://www.chinatimes.com/realtimenews/20250428004565-260409,,應對川普關稅必須消化產能 陸製造商全球撒網尋找新買家 - 政經,20250428T134500Z,https://images.chinatimes.com/newsphoto/2025-04-28/656/20250428004580.jpg,chinatimes.com,Chinese,Taiwan,Indonesia,Chinese,511b687c1a3f9b75878ffa7c646b8ae2
https://www.zaobao.com.sg/news/sea/story20250427-6220404,,印尼  普美会  不太可能促成斗争派民主党加入执政联盟,20250427T120000Z,https://cassette.sphdigital.com.sg/image/zaobao/f28daa49d3aab9dbf65f3aac02c80f1227e820325d816461478bc123333c9f9a,zaobao.com.sg,Chinese,Singapore,Indonesia,Chinese,4bd30513da9637af384b26852a057f53
https://www.arabstoday.net/w-1019/044529-%D8%B9%D9%86-%D8%A7%D9%84%D8%A3%D8%B2%D9%87%D8%B1-%D9%88%D8%AF%D8%A7%D9%84%D9%87%D9%84%D8%A7%D9%84%D9%89,,عن الأزهر ود . الهلالى ! ,20250427T054500Z,https://img.arabstoday.net/Untitled.jpg,arabstoday.net,Arabic,Syria,Indonesia,Arabic,ac9756e157516a97e93b6318712c8895
https://assabeel.net/26540,,السبعة عشر ألفاً - السبيل,20250427T144500Z,https://assabeel.net/wp-content/uploads/2025/04/479673.jpg,assabeel.net,Arabic,Israel,Indonesia,Arabic,0eae1609bf6d12659e0ef1e51e39f577
https://www.alkhabarkw.com/world/30397.html,https://www.alkhabarkw.com/world/amp/30397,إندونيسيا تبدى استعدادها لتعزيز التعاون الزراعى مع فلسطين,20250428T054500Z,https://www.alkhabarkw.com/temp/resized/medium_2025-04-28-7c4b20de94.jpg,alkhabarkw.com,Arabic,Kuwait,Indonesia,Arabic,1d29a0f7c44914bbf08b85983e74b495
https://www.alkhabarnow.net/news/120868/%D8%AA%D9%88%D9%82%D9%8A%D8%B9-%D9%85%D8%B0%D9%83%D8%B1%D8%A9-%D8%AA%D9%81%D8%A7%D9%87%D9%85-%D8%A8%D9%8A%D9%86-%D8%AC%D8%A7%D9%85%D8%B9%D8%AA%D9%8A-%D8%A7%D9%84%D8%A3%D8%B2%D9%87%D8%B1-%D9%88%D8%B3/,,توقيع مذكرة تفاهم بين جامعتي الأزهر وسلطان أجونج الإسلامية بإندونيسيا .. صور,20250427T173000Z,https://www.alkhabarnow.net/wp-content/uploads/2025/04/6281478086012202504270714511451.jpg,alkhabarnow.net,Arabic,Yemen,Indonesia,Arabic,59ff44f2f54ed851e756df5f7b059e31
https://www.interfax.ru/world/1023104,https://www.interfax.ru/amp/1023104,"Аналитики прогнозируют рост производства никеля в мире на 5 , 9 % в 2025 году",20250428T111500Z,https://www.interfax.ru/aspimg/1023104.png,interfax.ru,Russian,Russia,Indonesia,Russian,1651d7437f26a7981b66d1b48ee0f09b
https://www.osservatoreromano.va/it/news/2025-04/quo-097/una-guida-un-modello-un-maestro.html,,"Una guida , un modello , un maestro - Network di donne impegnate nel dialogo interreligioso ricorda il Pontefice",20250428T151500Z,https://www.osservatoreromano.va/content/dam/or/images/it/2025/04/097/varobj31426533obj2035841.jpg/_jcr_content/renditions/cq5dam.web.1280.1280.jpeg,osservatoreromano.va,Italian,Vatican City,Indonesia,Italian,1272d31c84558b771f4c99849b6442e5
https://www.lantidiplomatico.it/dettnews-i_racconti_dellorrore_dei_prigionieri_palestinesi_liberati/45289_60427/,,I racconti dellorrore dei prigionieri palestinesi liberati - IN PRIMO PIANO,20250428T083000Z,,lantidiplomatico.it,Italian,Italy,Indonesia,Italian,61b055159fd1291740abac362cdc75df
https://www.gazzetta.it/Moto/moto-GP/28-04-2025/motogp-marquez-bagnaia-e-la-nuova-strategia-ducati.shtml,https://www.gazzetta.it/Moto/moto-GP/28-04-2025/motogp-marquez-bagnaia-e-la-nuova-strategia-ducati_amp.shtml,"MotoGP , Marquez - Bagnaia e la nuova strategia Ducati",20250428T140000Z,https://dimages2.gazzettaobjects.it/files/og_thumbnail/uploads/2025/04/28/680f3fc473c32.jpeg,gazzetta.it,Italian,Italy,Indonesia,Italian,6b1df86d21d18e5ff0d4371a9530df6a
https://www.thehindu.com/news/national/whats-the-reason-for-targeting-simla-agreement-explained/article69495330.ece,https://www.thehindu.com/news/national/whats-the-reason-for-targeting-simla-agreement-explained/article69495330.ece/amp/,What the reason for targeting Simla Agreement ? | Explained,20250426T213000Z,https://th-i.thgim.com/public/incoming/nf5nf1/article69495435.ece/alternates/LANDSCAPE_1200/PTI04_25_2025_RPT126B.jpg,thehindu.com,English,India,Pakistan,English,e01ca53393cf17572df30a0b0882b00d
https://www.pakistantoday.com.pk/2025/04/26/blame-and-balance-pakistan-embraces-restraint/,,Blame and Balance : Pakistan embraces restraint,20250426T223000Z,https://www.pakistantoday.com.pk/wp-content/uploads/2025/04/Beta-19-scaled.jpg,pakistantoday.com.pk,English,Pakistan,Pakistan,English,81fd2a561ff49c1379f5d7b63a1da592
https://tribune.com.pk/story/2542479/iran-steps-in-to-defuse-indo-pak-tension,,Iran steps in to defuse Indo - Pak tension,20250426T231500Z,https://i.tribune.com.pk/media/images/iran-fm1742828149-0/iran-fm1742828149-0.jpg,tribune.com.pk,English,Pakistan,Pakistan,English,a9d4b8e5740144c4f4abce92c2db26cb
https://tribune.com.pk/story/2542451/war-is-not-an-option,,War is not an option,20250426T200000Z,https://i.tribune.com.pk/media/images/Dr-Muhammad-Ali-Ehsan1692476319-1/Dr-Muhammad-Ali-Ehsan1692476319-1.jpg,tribune.com.pk,English,Pakistan,Pakistan,English,3f3c538dee91a7f2396bd08288d5f208
https://www.deccanchronicle.com/news/trump-india-pakistan-will-find-way-out-of-faceoff-1875344,https://www.deccanchronicle.com/amp/news/trump-india-pakistan-will-find-way-out-of-faceoff-1875344,"Trump : India , Pakistan Will Find Way Out of Faceoff",20250426T204500Z,https://www.deccanchronicle.com/h-upload/2025/04/26/1911978-don.jpg,deccanchronicle.com,English,India,Pakistan,English,61bf4ef32e75846fb5ef26fba1ce45c6
https://www.thenews.com.pk/print/1305611-nation-standing-behind-armed-forces-ppp-leader,,Nation standing behind armed forces : PPP leader,20250426T220000Z,https://www.thenews.com.pk/assets/uploads/akhbar/2025-04-27/l_1305611_020518_updates.jpg,thenews.com.pk,English,Pakistan,Pakistan,English,242617141db582d619b92da8ca8a179a
https://military.china.com/news/13004177/20250427/48264410.html,,"印度未通知开闸泄洪 , 巴基斯坦多地水位大幅上升面临洪灾风险 _ 军事频道 _ 中华网",20250427T040000Z,,military.china.com,Chinese,China,Pakistan,Chinese,41143c20a4d9b215e306841002cc36c8
https://military.china.com/news/13004177/20250427/48264339.html,,印度宣布  掐断  巴基斯坦水源 ， 意味着什么 ？ 水资源争端加剧印巴紧张关系 _ 军事频道 _ 中华网,20250427T040000Z,,military.china.com,Chinese,China,Pakistan,Chinese,91164d6b0380e8cbe0837bd5e1c7262d
https://military.china.com/news/13004177/20250427/48266612.html,,大V ： 巴军备彻底换新 印方施压没用 中械助力巴军现代化 _ 军事频道 _ 中华网,20250427T134500Z,,military.china.com,Chinese,China,Pakistan,Chinese,14b2d7ee3bd86c4b43d60dcfb5661667
https://www.163.com/dy/article/JU7NAE69051492T3.html,https://m.163.com/dy/article/JU7NAE69051492T3.html,印度无预警突然开闸放水 ， 巴方指责  水资源恐怖主义 ！ 两军已连续三晚交火|巴基斯坦,20250428T050000Z,,163.com,Chinese,China,Pakistan,Chinese,40f4d0b987720be7c335cc1e1f0c7b58
https://military.china.com/news/13004177/20250427/48266168.html,,印方称连续交火 ， 巴总理 ： 不会在核心利益问题上妥协 两国紧张局势升级 _ 军事频道 _ 中华网,20250427T091500Z,,military.china.com,Chinese,China,Pakistan,Chinese,08adb997ab9a3bd895aeb2f538e76f47
https://news.ltn.com.tw/news/world/breakingnews/5025115,https://news.ltn.com.tw/amp/news/world/breakingnews/5025115,克什米爾恐攻釀禍 印度揚言斷水 、 巴國農民恐慌 - 國際,20250427T121500Z,https://img.ltn.com.tw/Upload/news/600/2025/04/27/phpQftIdO.jpg,news.ltn.com.tw,Chinese,Taiwan,Pakistan,Chinese,1e75b4d717bfec7c81a5808be1dfd49f
https://www.163.com/dy/article/JU5J9FQU051492T3.html,https://m.163.com/dy/article/JU5J9FQU051492T3.html,印度军方称印巴连续两天交火 ， 巴基斯坦总理 ： 不会在核心利益问题上妥协,20250427T080000Z,,163.com,Chinese,China,Pakistan,Chinese,29c8f9f31e54c236e4f605b8fbf8ca75
https://www.alriyadh.com/2129321,,جريدة الرياض | باكستان : منفتحون على المشاركة في تحقيق محايد بشأن هجوم باهالجام في كشمير,20250427T140000Z,http://www.alriyadh.com/media/article/2025/04/27/img/4441624403.jpg,alriyadh.com,Arabic,Saudi Arabia,Pakistan,Arabic,814ffb19dd93b056a7e1e7469eaa5fbb
https://www.libyaakhbar.com/news/2562786.html,,شريف يقول إن باكستان منفتحة على المشاركة في تحقيق محايد بشأن هجوم كشمير . ,20250428T021500Z,https://www.libyaakhbar.com/wp-content/uploads/2025/04/331457.jpg,libyaakhbar.com,Arabic,Libya,Pakistan,Arabic,5fd95977fbdd6b9d9e8c9dc23d82efa9
https://korrespondent.net/world/4776335-yndyia-y-pakystan-provely-raketnye-uchenyia,https://korrespondent.net/amp/4776335-yndyia-y-pakystan-provely-raketnye-uchenyia,Индия и Пакистан провели ракетные учения,20250427T211500Z,https://kor.ill.in.ua/m/1260x900/4315711.png,korrespondent.net,Russian,Ukraine,Pakistan,Russian,ad7e70109d938bdcd5d6d8e56909d6c2
https://www.m24.ru/news/politika/27042025/792537,https://www.m24.ru/amp/news/politika/27042025/792537,Глава МО Асиф : Пакистан хочет международного расследования теракта в Кашмире,20250427T090000Z,https://www.m24.ru/b/d/nBkSUhL2h1EhkM6wJ76BrNOp2Z318Ji-mifGnuWR9mOBdDebBizCnTY8qdJf6ReJ58vU9meMMok3Ee2nhSR6ISeO9G1N_wjJ=m1EhUaiE1e2tzln9QnukSw.jpg,m24.ru,Russian,Russia,Pakistan,Russian,296865aa9095ea4edb9734a8cbfcf7a6
https://www.mk.ru/politics/2025/04/27/dve-yadernye-derzhavy-posle-smertonosnogo-napadeniya-nachali-perestrelku-na-granice.html,https://www.mk.ru/amp/politics/2025/04/27/dve-yadernye-derzhavy-posle-smertonosnogo-napadeniya-nachali-perestrelku-na-granice.html,Две ядерные державы после смертоносного нападения начали перестрелку на границе,20250427T071500Z,https://static.mk.ru/upload/entities/2025/04/27/09/articles/facebookPicture/6c/62/3f/12/6eb366b33acaf9996f66e0711de0d1e0.jpg,mk.ru,Russian,Russia,Pakistan,Russian,2acc7905357fc95811f913d8ad41155c
https://charter97.org/ru/news/2025/4/27/638560/,https://qmt6jx.c97.org/ru/news/2025/4/27/638560/,На границе Индии и Пакистана вновь вспыхнула перестрелка,20250427T090000Z,https://i.c97.org/p/articles/2016/ai-225050-aux-head-20160930_india_granica_AP_360.jpg,charter97.org,Russian,Belarus,Pakistan,Russian,da6ea00dc60b8bdbb5603bc8a0475487
https://lenta.ru/news/2025/04/29/v-pakistane-dopustili-nachalo-voyny-s-indiey-v-blizhayshie-dni/,https://lenta.ru/news/2025/04/29/v-pakistane-dopustili-nachalo-voyny-s-indiey-v-blizhayshie-dni/amp/,В Пакистане допустили начало войны с Индией в ближайшие дни,20250428T184500Z,,lenta.ru,Russian,Russia,Pakistan,Russian,7fcce38901c07dea52b60dbdce1ce8b9
https://stranieriinitalia.it/attualita/maxi-ondata-di-sbarchi-a-lampedusa-690-migranti-in-24-ore/,https://stranieriinitalia.it/attualita/maxi-ondata-di-sbarchi-a-lampedusa-690-migranti-in-24-ore/amp/,Maxi - ondata di sbarchi a Lampedusa : 690 migranti in 24 ore,20250428T111500Z,https://stranieriinitalia.it/wp-content/uploads/2025/04/migranti-2.jpg,stranieriinitalia.it,Italian,Italy,Pakistan,Italian,9d0b550533f58a36cbf0390efa9168c2
https://www.zazoom.it/2025-04-28/arrestati-3-pakistani-per-traffico-di-migranti-verso-lue-le-immagini/16862028/,,Arrestati 3 pakistani per traffico di migranti verso lUe le immagini,20250428T171500Z,https://unlimitednews.it/wp-content/uploads/2025/04/oKGz.jpg,zazoom.it,Italian,Italy,Pakistan,Italian,639edd5b608a04a79857b73e9e057ed3
https://www.zazoom.it/2025-04-28/migranti-arrestati-tre-trafficanti-pakistani-sono-collegati-anche-a-due-naufragi/16862219/,,Migranti arrestati tre trafficanti pakistani | sono collegati anche a due naufragi,20250428T174500Z,https://www.secoloditalia.it/files/2025/04/polizia-trafficanti-migranti.jpg,zazoom.it,Italian,Italy,Pakistan,Italian,2decb6764fabca50c8f3666b07f591ab
https://www.thedailystar.net/news/bangladesh/news/bangladesh-calls-peace-south-asia-amid-india-pakistan-tensions-3881366,,Bangladesh calls for peace in South Asia amid India - Pakistan tensions,20250427T121500Z,,thedailystar.net,English,Bangladesh,Bangladesh,English,389dd0bcfaa1bd0b4a313d66c504eed9
https://www.thehindu.com/business/textile-industry-explores-solutions-for-yarn-exports-to-bangladesh/article69495010.ece,https://www.thehindu.com/business/textile-industry-explores-solutions-for-yarn-exports-to-bangladesh/article69495010.ece/amp/,Textile industry explores solutions for yarn exports to Bangladesh,20250428T150000Z,https://th-i.thgim.com/public/incoming/oyx7qz/article69501907.ece/alternates/LANDSCAPE_1200/IMG_textile_mill_2_1_7HCEK03O.jpg,thehindu.com,English,India,Bangladesh,English,ce43c127a4cb7fd6ec9ecaee8ebc254b
https://www.thedailystar.net/news/cross-border/news/persecuted-arakan-army-rohingyas-fleeing-bangladesh-3882501,,"Persecuted by Arakan Army , Rohingyas fleeing to Bangladesh",20250428T170000Z,,thedailystar.net,English,Bangladesh,Bangladesh,English,22d6b13e1f5c2b493fd8fac1fd06c2fc
https://www.thedailystar.net/news/bangladesh/news/yunus-approves-starlinks-licence-bangladesh-3882381,,Starlink License Approved In Bangladesh | Yunus approves Starlink licence in Bangladesh,20250428T170000Z,,thedailystar.net,English,Bangladesh,Bangladesh,English,be8936db197ccb11e4a19761858a0279
https://www.thedailystar.net/supplements-0/news/shaping-generation-3880926,,Shaping a generation,20250426T220000Z,,thedailystar.net,English,Bangladesh,Bangladesh,English,cbf1e9161c289bf6e37ffbcbf8ca2ee2
https://www.indiatoday.in/india/story/after-indus-treaty-freeze-bjp-mp-nishikant-dubey-calls-for-no-water-to-bangladesh-2715829-2025-04-27,https://www.indiatoday.in/amp/india/story/after-indus-treaty-freeze-bjp-mp-nishikant-dubey-calls-for-no-water-to-bangladesh-2715829-2025-04-27,"After Indus treaty freeze , BJP MP Nishikant Dubey calls for no water to Bangladesh",20250427T080000Z,https://akm-img-a-in.tosshub.com/indiatoday/images/story/202504/nishikant-dubet-260851794-16x9.png?VersionId=HgMSrVqx..KyGwjOynKtdoHYBdlMi3bM,indiatoday.in,English,India,Bangladesh,English,670885d80c63da908957408aa2fc6381
https://www.moneycontrol.com/world/day-after-pahalgam-attack-bangladesh-legal-adviser-met-let-operative-in-dhaka-why-india-must-be-alarmed-article-13006280.html,https://www.moneycontrol.com/world/day-after-pahalgam-attack-bangladesh-legal-adviser-met-let-operative-in-dhaka-why-india-must-be-alarmed-article-13006280.html/amp,"Day after Pahalgam attack , Bangladesh legal adviser met LeT operative in Dhaka : Why India must be alarmed",20250428T053000Z,https://images.moneycontrol.com/static-mcnews/2025/04/20250428045619_yunus-2.jpg,moneycontrol.com,English,India,Bangladesh,English,b02bbf2eff164692198327f2eb5e18cd
https://www.thedailystar.net/news/bangladesh/news/pictures-cultural-performances-o-level-awards-ceremony-3881276,,In pictures : Cultural performances at O & A Level Awards ceremony,20250427T121500Z,,thedailystar.net,English,Bangladesh,Bangladesh,English,2809db98f6122d5b240419f6e5260d32
https://www.jagonews24.com/en/national/news/82233,https://www.jagonews24.com/en/amp/82233,Uruguay FM seeks stronger economic ties with Bangladesh,20250427T061500Z,https://cdn.jagonews24.com/media/imgAllNew/BG/2023March/yunusdr-20250427112944.jpg,jagonews24.com,English,Bangladesh,Bangladesh,English,df8ed670cccfbcd0f21e82a06176db32
https://www.hna.de/politik/konflikt-jd-vance-reist-mitsamt-familie-nach-indien-mitten-im-eskalierenden-kaschmir-zr-93702093.html,,JD Vance reist mitsamt Familie nach Indien - mitten im eskalierenden Kaschmir - Konflikt,20250427T193000Z,,hna.de,German,Germany,Bangladesh,German,2279b7b157ab1cd7f96218a1f72e1410
https://www.hna.de/politik/kaschmir-konflikt-jd-vance-reist-mitsamt-familie-nach-indien-mitten-im-eskalierenden-zr-93702093.html,,JD Vance reist mitsamt Familie nach Indien - mitten im eskalierenden Kaschmir - Konflikt,20250428T044500Z,,hna.de,German,Germany,Bangladesh,German,984ccddb9c9da366576f84fbe1893ea8
https://www.yangtse.com/content/2008854.html,,建行徐州淮西支行青年员工  服务到心  的金融温度,20250428T020000Z,,yangtse.com,Chinese,China,Bangladesh,Chinese,ab0749847dc3067265094ea5166e6b75
https://news.china.com/socialgd/10000169/20250428/48270065.html,,央视曝免费领养宠物暗藏借贷套路 爱心领养变强制消费 _ 新闻频道 _ 中华网,20250428T063000Z,,news.china.com,Chinese,China,Bangladesh,Chinese,fbdea53e4f78194d20fb1eeeae312ed3
https://www.alkhabarkw.com/saudi/31100.html,https://www.alkhabarkw.com/saudi/amp/31100,مجموعة صعبة للأخضر الشابات في تصفيات كأس آسيا تحت 20 عامًا 2026,20250428T113000Z,https://www.alkhabarkw.com/temp/resized/medium_default.png,alkhabarkw.com,Arabic,Kuwait,Bangladesh,Arabic,e31fe5a420459ef3172d1df6499cc1b2
http://www.elbrqnews.com/world/371292.html,,ضبط 4 مقيمين بمنطقة المدينة المنورة لممارستهم الصيد في أماكن محظورة,20250427T171500Z,http://www.elbrqnews.com/temp/resized/medium_default.png,elbrqnews.com,Arabic,Egypt,Bangladesh,Arabic,4c9e779b0b474e0b7a589bfe09e5f380
https://www.aletihad.ae/opinion/4569945/%D8%B3%D9%85%D9%83--%D8%A7%D9%84%D8%B4%D8%A7%D8%AF----%D8%A7%D8%B2%D8%AF%D9%87%D8%A7%D8%B1-%D8%A7%D9%84%D8%B1%D8%A8%D9%8A%D8%B9,https://www.aletihad.ae/amp/opinion/4569945/Ø³ÙÙ--Ø§ÙØ´Ø§Ø¯----Ø§Ø²Ø¯ÙØ§Ø±-Ø§ÙØ±Ø¨ÙØ¹,سمك « الشاد ».. ازدهار الربيع,20250427T154500Z,https://media.alittihad.ae/store/archive/image/2025/4/27/b5e16fd2-a283-4ed7-aaf9-98f0c9ae9b94.jpg,aletihad.ae,Arabic,,Bangladesh,Arabic,83925751261a598c479f9279d5c2e9ee
http://www.elbrqnews.com/New-News/370786.html,,أكاديمية الشرطة تنظم دورة تدريبية حول  إعداد المدربين بمجال مناهج التدريب الشرطية المتخصصة  ,20250427T133000Z,http://www.elbrqnews.com/temp/resized/medium_2025-04-27-808317c3b1.jpg,elbrqnews.com,Arabic,Egypt,Bangladesh,Arabic,44754bb0a8ecde935392c906b8c7b9d3
https://www.kommersant.ru/doc/7692772,,Крупнейшие блэкауты : от Индии до Балкан,20250428T183000Z,https://iy.kommersant.ru/SocialPics/7692772_49_2797137_483870503,kommersant.ru,Russian,Russia,Bangladesh,Russian,63bdc8b18a22c1271b4c7eccc0c0b045
http://special.tass.ru/info/23806909,,ТАСС,20250428T154500Z,,special.tass.ru,Russian,,Bangladesh,Russian,8813df23502a05f41123431f6508f7e9
https://kprf.ru/party-live/cknews/234008.html,,На секциях международной конференции обсуждены задачи левых сил в борьбе с неофашизмом и угрозой войны,20250428T020000Z,,kprf.ru,Russian,Russia,Bangladesh,Russian,b751982110d997878aabd29c426ac1df
https://www.baltimoresun.com/2025/04/28/vietnam-war-anniversary-agent-orange/,,"50 years after Vietnam War , the battle with Agent Orange continues",20250428T171500Z,https://www.baltimoresun.com/wp-content/uploads/2025/04/Vietnam_War_Anniversary_Agent_Orange_93921-1.jpg,baltimoresun.com,English,United States,Vietnam,English,a1cd144223703588643980f1fd94d7fc
https://www.sun-sentinel.com/2025/04/28/vietnam-war-anniversary-agent-orange/,,"50 years after Vietnam War , the battle with Agent Orange continues",20250428T174500Z,https://www.sun-sentinel.com/wp-content/uploads/2025/04/Vietnam_War_Anniversary_Agent_Orange_93921-1.jpg,sun-sentinel.com,English,United States,Vietnam,English,13ffa5c303e29e76ed35427934ca0658
https://thehill.com/policy/defense/5271003-vietnam-war-50th-anniversary-veterans-survey/,https://thehill.com/policy/defense/5271003-vietnam-war-50th-anniversary-veterans-survey/amp/,Vietnam War 50th Anniversary : Lessons and Impact,20250428T170000Z,https://thehill.com/wp-content/uploads/sites/2/2025/04/GettyImages-515513498-1-e1745612049217.jpg,thehill.com,English,United States,Vietnam,English,b96eb5ae13db3349dd61dfaf11918628
https://www.pennlive.com/nation-world/2025/04/the-vietnam-war-ended-50-years-ago-but-the-battle-with-agent-orange-continues.html,https://www.pennlive.com/nation-world/2025/04/the-vietnam-war-ended-50-years-ago-but-the-battle-with-agent-orange-continues.html?outputType=amp,"The Vietnam War ended 50 years ago , but the battle with Agent Orange continues",20250428T030000Z,https://www.pennlive.com/resizer/v2/OJAJKT3SZNAXRCTFEJDOGJM7VM.jpg?auth=0f2aec2f80de6b5439f2f04dfadb67e565ccd411af4fc430863961065081cdac&quality=90,pennlive.com,English,United States,Vietnam,English,b5a3221607723e6b226fc9909200f456
https://www.hindustantimes.com/lifestyle/health/the-vietnam-war-ended-50-years-ago-but-the-aftermath-of-agent-orange-continues-101745827390176.html,,"The Vietnam war ended 50 years ago , but the aftermath of Agent Orange continues",20250428T083000Z,https://www.hindustantimes.com/ht-img/img/2025/04/28/1600x900/birth_defects_1745827638361_1745827638650.jpg,hindustantimes.com,English,India,Vietnam,English,231919cdfe3f23097578c11de618c286
https://aninews.in/news/business/vietnam-a-hub-for-accessible-world-class-british-transnational-education-for-resilient-global-graduates20250428100705/,/news/business/vietnam-a-hub-for-accessible-world-class-british-transnational-education-for-resilient-global-graduates20250428100705?amp=1,Vietnam : A Hub for Accessible World - Class British Transnational Education for Resilient Global Graduates,20250428T071500Z,https://d3lzcn6mbbadaf.cloudfront.net/media/details/ANI-20250428043653.jpg,aninews.in,English,India,Vietnam,English,7d053adcb86a42fb0c358d9dd76c204f
https://www.yahoo.com/news/vietnam-war-ended-50-years-010716920.html,,"The Vietnam War ended 50 years ago , but the battle with Agent Orange continues",20250428T013000Z,https://s.yimg.com/ny/api/res/1.2/oC8fU7giOEV_ME7j4gvjGw--/YXBwaWQ9aGlnaGxhbmRlcjt3PTEyMDA7aD03MzY-/https://media.zenfs.com/en/ap.org/49502259d3e7dba4d9a635b6caa5460a,yahoo.com,English,United States,Vietnam,English,1c73a42b097e5b3eaad48c002d34d955
https://www.liberation.fr/international/asie-pacifique/vietnam-50-ans-apres-la-guerre-le-30-avril-est-un-jour-triste-car-jai-perdu-mon-pays-20250427_JK72YULIORCIPE26KIXPOZJIVY/,,"Vietnam , 50 ans après la guerre : « Le 30 avril est un jour triste car jai perdu mon pays » – Libération",20250427T060000Z,https://www.liberation.fr/resizer/ZsSflQdZA8Qs2J79xRWh8Fc8n3U=/1200x630/filters:format(jpg):quality(70)/cloudfront-eu-central-1.images.arcpublishing.com/liberation/GMLBVMQ2YBHQFOU6SV5SWP3IW4.jpg,liberation.fr,French,France,Vietnam,French,11a9804b3ae25de6fc049c660421a134
https://www.francetvinfo.fr/monde/usa/droits-de-douane/droits-de-douane-michel-edouard-leclerc-craint-une-invasion-de-produits-de-la-zone-indo-pacifique-en-europe_7215540.html,,Droits de douane : Michel - Édouard Leclerc craint  une invasion de produits de la zone indo - pacifique  en Europe,20250428T104500Z,https://www.francetvinfo.fr/pictures/aOVG_HLoZ62Ax6iHFAYPZcODExg/17x0:1159x642/1500x843/2025/04/28/leclerc-680f3f2e42766251878899.png,francetvinfo.fr,French,France,Vietnam,French,0e0fa882087e3b96ae013910a437d62d
https://www.latribune.fr/idees/tribunes/opinion-etats-unis-le-compte-a-rebours-a-commence-michel-santi-1023774.html,,OPINION . États - Unis : « Le compte à rebours a commencé » ( Michel Santi ) ,20250428T074500Z,,latribune.fr,French,France,Vietnam,French,7796244f088689447a702c446b7ac670
https://lecourrier.vn/le-vietnam-et-la-chine-veulent-cooperer-plus-sur-la-promotion-commerciale/1281982.html,,Le Vietnam et la Chine veulent coopérer plus sur la promotion commerciale,20250426T200000Z,https://image.lecourrier.vn/MediaUpload/Medium/2025/04/26/195824-vna_potal_thuc_day_hop_tac_hieu_qua_trong_linh_vuc_xuc_tien_thuong_mai_dau_tu_giua_trung_quoc_va_viet_nam_7996220.jpg,lecourrier.vn,French,Vietnam,Vietnam,French,37d253510534e3df27d27eae76e2a91e
https://lecourrier.vn/le-vietnam-mise-sur-les-hautes-technologies-pour-une-croissance-durable/1281986.html,,Le Vietnam mise sur les hautes technologies pour une croissance durable,20250426T211500Z,https://image.lecourrier.vn/MediaUpload/Medium/2025/04/26/180640-25.webp,lecourrier.vn,French,Vietnam,Vietnam,French,8caa70cde006bcb4a819b7a40919544e
https://www.jungewelt.de/artikel/498981.vietnam-friedlicher-schlussakt.html,,Vietnam : Friedlicher Schlussakt,20250428T184500Z,https://www.jungewelt.de/img/1100/208183.jpg,jungewelt.de,German,Germany,Vietnam,German,5018fdab82879eb6f08a6cbf1e29340b
https://oe1.orf.at/programm/20250427/792176/Vor-50-Jahren-endete-der-Vietnamkrieg,,Vor 50 Jahren endete der Vietnamkrieg | SO | 27 04 2025 | 10 : 05,20250427T080000Z,https://oe1.orf.at/i/intro/b9/74/b974e6b7ef9f95c4237599044bd8866f6ec7eb29.jpg,oe1.orf.at,German,Austria,Vietnam,German,e975593c06c020af54ab95a27096e471
https://www.kn-online.de/reise/18-spektakulaere-bruecken-weltweit-die-du-sehen-musst-ZS5MUMGUUZJCPL24524SBKJXQE.html,https://www.kn-online.de/reise/18-spektakulaere-bruecken-weltweit-die-du-sehen-musst-ZS5MUMGUUZJCPL24524SBKJXQE.html?outputType=valid_amp,"18 spektakuläre Brücken weltweit , die du sehen musst",20250427T074500Z,https://www.kn-online.de/resizer/v2/YPNEHOXVRJGBRM4TN5ZE6RN5JA.jpg?auth=a3edac6ceb1310bca447c51b3c3b7f738c68a9280d6c66fe0c997a4f489f4335&quality=70&smart=true,kn-online.de,German,Germany,Vietnam,German,4f5aefd7f61c039b6b76a2f5f375f9b1
https://world.qianlong.com/2025/0428/8477817.shtml,,  三湘四水 相约湖南  文旅推介会在越南河内举行 - 千龙网 · 中国首都网,20250427T201500Z,,world.qianlong.com,Chinese,China,Vietnam,Chinese,b9bfa35f3273e91bfcc8919f79d931e2
https://military.china.com/news/13004177/20250427/48266651.html,, 《 强军战歌 》 响彻越南胡志明市街头 中越友谊再续新篇章 _ 军事频道 _ 中华网,20250427T124500Z,,military.china.com,Chinese,China,Vietnam,Chinese,231c567eabfc44f7dd327b0aa96b350a
https://military.china.com/news/13004177/20250427/48263969.html,,越南女孩街头强势围观解放军 ， 中国军人太有型了 ！_ 军事频道 _ 中华网,20250427T024500Z,,military.china.com,Chinese,China,Vietnam,Chinese,b061d427b6ed6041c9152f26002b4e20
https://news.dayoo.com/guangzhou/202504/27/139995_54818830.htm,,庆  五一  职工趣味运动会在越秀东山体育场举行 _ 广州日报大洋网,20250428T020000Z,,news.dayoo.com,Chinese,China,Vietnam,Chinese,c5ab9086f6822d9cb02c16941fb30383
http://www.itbear.com.cn/html/2025-04/803974.html,,极越汽车重组有望 ， 破产危机或解除 ？- 智能汽车 - ITBear科技资讯,20250428T083000Z,,itbear.com.cn,Chinese,China,Vietnam,Chinese,b1ffd049547ef217bb9246836f418a29
https://www.orientaldaily.com.my/news/east-malaysia/2025/04/28/729252,,陈超耀 ： 全球仅19国家实现 免费高教成为砂骄傲 | 东马 | 地方,20250428T013000Z,https://www.orientaldaily.com.my/images/uploads/news/2025/APR_2025/20250428/mm2705a-939x420.jpg,orientaldaily.com.my,Chinese,Malaysia,Vietnam,Chinese,6a329ee44b7f3653f89991d28303bc97
https://www.bjnews.com.cn/detail/1745732768129250.html,,3个铂金级+15个WELL HSR ！ 越秀商管打造健康建筑范例 新京报,20250427T080000Z,,bjnews.com.cn,Chinese,China,Vietnam,Chinese,2d291e6621b65f5d62bbe5beb1333d46
https://www.aljazeera.net/video/the-observatory/2025/4/28/%d8%ac%d8%a7%d8%b3%d9%88%d8%b3-%d8%b3%d8%a7%d9%8a%d8%ba%d9%88%d9%86-%d8%ad%d9%83%d8%a7%d9%8a%d8%a9-%d9%85%d8%b1%d8%a7%d8%b3%d9%84-%d8%ad%d9%88%d9%84-%d9%81%d9%86%d8%af%d9%82,https://www.aljazeera.net/amp/video/the-observatory/2025/4/28/%d8%ac%d8%a7%d8%b3%d9%88%d8%b3-%d8%b3%d8%a7%d9%8a%d8%ba%d9%88%d9%86-%d8%ad%d9%83%d8%a7%d9%8a%d8%a9-%d9%85%d8%b1%d8%a7%d8%b3%d9%84-%d8%ad%d9%88%d9%84-%d9%81%d9%86%d8%af%d9%82,  جاسوس سايغون  حكاية مراسل حول فندق كونتننتال لمركز استخبارات,20250428T184500Z,https://www.aljazeera.net/wp-content/uploads/2025/04/image-1745860116.jpg,aljazeera.net,Arabic,Israel,Vietnam,Arabic,2cc7c5d52392934ae2778613c6c4cb93
https://www.emaratalyoum.com/business/local/2025-04-28-1.1939963,https://www.emaratalyoum.com/business/local/2025-04-28-1.1939963?ot=ot.AMPPageLayout,طيران الإمارات وفلاي دبي تسجلان 5 ملايين مسافر في 2024,20250428T120000Z,https://www.emaratalyoum.com/polopoly_fs/1.1939964.1745827023!/image/image.jpg,emaratalyoum.com,Arabic,United Arab Emirates,Vietnam,Arabic,0ff14a9d54d570ccc768bc86148fa7ed
https://www.ridus.ru/lidery-19-stran-priedut-v-moskvu-na-parad-9-maya-612332.html,https://amp.ridus.ru/lidery-19-stran-priedut-v-moskvu-na-parad-9-maya-612332.html,Лидеры 19 стран приедут в Москву на парад 9 мая,20250427T144500Z,https://www.ridus.ru/images2/89/10/118910_og.png,ridus.ru,Russian,Russia,Vietnam,Russian,aadd4144a94a22c5aa702df383ef9a96
https://lenta.ru/news/2025/04/27/lidery-19-stran-priedut-v-moskvu-na-9-maya/,https://lenta.ru/news/2025/04/27/lidery-19-stran-priedut-v-moskvu-na-9-maya/amp/,Лидеры 19 стран приедут в Москву на 9 Мая,20250427T103000Z,,lenta.ru,Russian,Russia,Vietnam,Russian,170798ae8026ae1342c784487e0e942d
https://vm.ru/news/1225113-proizoshedshaya-bolee-dvuh-tysyach-let-nazad-bitva-unichtozhila-ekosistema-bolota-kitaya,https://vm.ru/news/1225113-proizoshedshaya-bolee-dvuh-tysyach-let-nazad-bitva-unichtozhila-ekosistema-bolota-kitaya/amp,Произошедшая более двух тысяч лет назад битва уничтожила экосистему болота Китая,20250426T213000Z,https://vm.ru/img/vmru_cover.png,vm.ru,Russian,Russia,Vietnam,Russian,a900558ab7d4775e5f7e9c4b58de9af4
https://runews24.ru/politics/27/04/2025/stalo-izvestno-lideryi-kakix-gosudarstv-podtverdili-svoe-uchastie-v-moskovskom-parade-pobedyi,https://runews24.ru/amp/politics/27/04/2025/stalo-izvestno-lideryi-kakix-gosudarstv-podtverdili-svoe-uchastie-v-moskovskom-parade-pobedyi,"Стало известно , лидеры каких государств подтвердили свое участие в московском Параде Победы",20250427T153000Z,https://runews24.ru/assets/components/phpthumbof/cache/6ba37786453442dc2119e9f525097321.6a856ca6cd9ae14d34cf1b572b5935db.jpg,runews24.ru,Russian,Russia,Vietnam,Russian,1e647c30cbf878763f04dfc362cce6f1
https://www.correiodopovo.com.br/not%c3%adcias/mundo/secret%c3%a1ria-de-agricultura-dos-eua-critica-brasil-e-reconhece-avan%c3%a7os-do-pa%c3%ads-com-a-china-1.1603034,https://www.correiodopovo.com.br/not%C3%ADcias/mundo/secret%C3%A1ria-de-agricultura-dos-eua-critica-brasil-e-reconhece-avan%C3%A7os-do-pa%C3%ADs-com-a-china-1.1603034?amp=1,Secretária de Agricultura dos EUA critica Brasil e reconhece avanços do país com a China,20250428T000000Z,https://www.correiodopovo.com.br/image/contentid/policy:1.1603033:1745795185/image.jpg?a=191%3A100&q=0.6&$p$a$q$w=61e089e,correiodopovo.com.br,Portuguese,Brazil,Vietnam,Portuguese,fe767edadd635a6dda1b4f875a448b8b
https://odia.ig.com.br/economia/2025/04/7040748-cafe-para-todos-os-bolsos-alta-nos-precos-se-mantem-e-levanta-duvidas-sobre-futuro-da-bebida.html,https://odia.ig.com.br/economia/2025/04/amp/7040748-cafe-para-todos-os-bolsos-alta-nos-precos-se-mantem-e-levanta-duvidas-sobre-futuro-da-bebida.html,Café para todos os bolsos ? Alta nos preços se mantém e levanta dúvidas sobre futuro da bebida | Economia,20250427T121500Z,https://odia.ig.com.br/_midias/jpg/2022/11/17/1200x750/1_brasil_e_o_14___pais_do_mundo_que_mais_consome_cafe-27093695.jpg,odia.ig.com.br,Portuguese,Brazil,Vietnam,Portuguese,5a4fcd20d238fbe4b117e3c267b6e2bf
https://g1.globo.com/economia/noticia/2025/04/28/amazon-eua-dificuldade-tarifas-de-importacao.ghtml,https://g1.globo.com/google/amp/economia/noticia/2025/04/28/amazon-eua-dificuldade-tarifas-de-importacao.ghtml,Vendedores da Amazon nos EUA deixam Prime Day por dificuldade com tarifas de Trump,20250428T154500Z,https://s2-g1.glbimg.com/evyRUJKBHXzLZALkVwQL2U5N2rE=/1280x0/filters:format(jpeg)/https://thumbor.globoi.com/unsafe/fit-in/1280x720/s03.video.glbimg.com/deo/vi/14/57/13515714,g1.globo.com,Portuguese,Brazil,Vietnam,Portuguese,0fa2838b0edf4f5ac7146e428dcb27c1
https://www.folhavitoria.com.br/entrevistas/luiz-carlos-bastianello-alem-do-conilon-o-ceu-e-o-limite-se-a-gente-planejar/,,"Luiz Carlos Bastianello :  Além do Conilon , o céu é o limite se a gente planejar  ",20250427T130000Z,https://uploads.folhavitoria.com.br/2025/04/r3Ztc94a-WhatsApp-Image-2025-04-23-at-14.23.22-1536x864.webp,folhavitoria.com.br,Portuguese,Brazil,Vietnam,Portuguese,7c3431fd344431b88d053782ff66facc
https://www1.folha.uol.com.br/mercado/2025/04/shein-aumenta-precos-nos-eua-em-ate-377-antes-do-aumento-de-tarifas.shtml,https://www1.folha.uol.com.br/amp/mercado/2025/04/shein-aumenta-precos-nos-eua-em-ate-377-antes-do-aumento-de-tarifas.shtml,Shein aumenta preços nos EUA em até 377 % antes de tarifas - 27 / 04 / 2025 - Mercado,20250427T143000Z,,folha.uol.com.br,Portuguese,Brazil,Vietnam,Portuguese,adcb19e85474e6243057a3322d25d79f
https://www.philstar.com/business/2025/04/27/2438556/demand-growing-us-soybean-meal,https://www.philstar.com/business/2025/04/27/2438556/demand-growing-us-soybean-meal/amp/,Demand growing for US soybean meal,20250426T201500Z,https://media.philstar.com/photos/2025/04/26/5_2025-04-26_19-23-55.jpg,philstar.com,English,Philippines,Philippines,English,a4b8881253029a217c067430f3bc9805
https://www.philstar.com/business/2025/04/27/2438550/first-gen-supply-re-sanyo-denkis-factories-subic,https://www.philstar.com/business/2025/04/27/2438550/first-gen-supply-re-sanyo-denkis-factories-subic/amp/,First Gen to supply RE to Sanyo Denkiâ€™s factories in Subic,20250426T201500Z,https://media.philstar.com/photos/2025/04/26/12_2025-04-26_19-10-23.jpg,philstar.com,English,Philippines,Philippines,English,c121f96caa5f0c8fddcece61d87c8525
https://www.china-briefing.com/china-outbound-news/how-u-s-tariffs-could-reshape-the-philippine-economy-and-key-export-sectors,,How U . S . Tariffs Could Reshape the Philippine Economy and Key Export Sectors,20250426T201500Z,https://www.aseanbriefing.com/news/wp-content/uploads/2025/04/How-U.S.-Tariffs-Could-Reshape-the-Philippine-Economy-and-Key-Export-Sectors.jpg,china-briefing.com,English,China,Philippines,English,c448abe1df537941ff77cda6aaf9eef7
https://www.gmanetwork.com/news/lifestyle/content/944129/miss-universe-philippines-2025-gma-network/story/,https://www.gmanetwork.com/news/lifestyle/content/944129/miss-universe-philippines-2025-gma-network/story/?amp,Miss Universe Philippines 2025 to air on GMA Network on May 4,20250427T090000Z,https://images.gmanews.tv/webpics/2024/05/10_chelsea_crowned_2024_05_23_15_28_11_0.jpg,gmanetwork.com,English,Philippines,Philippines,English,0cd4d0c688eeaaed590a1d232c2915db
https://www.zerohedge.com/geopolitical/us-war-games-simulate-full-scale-battle-china-philippines,,US War Games Simulate  Full - Scale Battle  With China In Philippines,20250427T014500Z,https://assets.zerohedge.com/s3fs-public/styles/16_9_max_700/public/2025-04/philusdrills.jpeg?itok=S4MutVVz,zerohedge.com,English,United States,Philippines,English,804403fe1750d46a4d3ca2dc257c7d16
https://www.sunstar.com.ph/manila/philippines-to-issue-special-visa-for-digital-nomads,https://www.sunstar.com.ph/amp/story/manila/philippines-to-issue-special-visa-for-digital-nomads,Philippines to issue special visa for digital nomads,20250427T051500Z,https://media.assettype.com/sunstar%2Fimport%2Fuploads%2Fimages%2F2022%2F04%2F04%2F347789.jpg?rect=0%2C23%2C600%2C315&ar=40%3A21&auto=format%2Ccompress&ogImage=true&mode=crop&enlarge=true&overlay=false&overlay_position=bottom&overlay_width=100,sunstar.com.ph,English,Philippines,Philippines,English,4edae450d6936793eb0db8c6eb2dc4b7
https://www.aa.com.tr/en/asia-pacific/china-claims-it-took-control-of-disputed-reef-in-south-china-sea/3549794,,China claims it took control of disputed reef in South China Sea,20250427T094500Z,https://cdnuploads.aa.com.tr/uploads/Contents/2025/04/27/thumbs_b_c_0ee56fe34c7f6ace68f1404b628e36fa.jpg?v=114007,aa.com.tr,English,Turkey,Philippines,English,8fa62566ba28385a35d1fa250356833e
https://www.yahoo.com/news/top-asian-news-6-51-040000481.html,,Top Asian News 6 : 51 a . m . GMT,20250427T071500Z,,yahoo.com,English,United States,Philippines,English,2e121cb529821fc1522c7bae0131d39d
https://www.khaleejtimes.com/world/asia/philippines-launches-digital-nomad-visa,https://www.khaleejtimes.com/world/asia/philippines-launches-digital-nomad-visa?amp=1,Philippines launches new visa programme to attract digital nomads,20250427T071500Z,"https://imgengine.khaleejtimes.com/khaleejtimes-english/2025-04-27/rjp6m4vj/remote-work.jpg?&format=auto&ogImage=true&mode=crop&rect=0,0,1200,800",khaleejtimes.com,English,United Arab Emirates,Philippines,English,15e9e09e6840dbfbba1794c81fb1c292
https://www.heute.at/s/hiller-hansa-und-pizzera-nun-im-fussballstadion-120105204,,"Nach der Oper – Hiller , Hansa und Pizzera nun im Fußballstadion",20250428T090000Z,https://heute-at-prod-images.imgix.net/2025/04/28/3d274f66-b44d-4ad1-a4e5-b8a9f425d40a.png?rect=0%2C140%2C1122%2C848&fm=jpg,heute.at,German,Austria,Philippines,German,f267b748ed7f69b3537e5e5041c7d02e
https://www.klack.de:443/tv-programm/fernsehsendung/197014828/kitchen-impossible.html,https://m.klack.de/sendungsdetails/197014828/kitchen-impossible.html,Kitchen Impossible - Kochduell,20250427T021500Z,https://epg-image.tvdirekt.de/500x333/16459687.jpg,klack.de,German,Germany,Philippines,German,07368abd6ea27dea61171b4f24ff21de
https://www.zeit.de/news/2025-04/28/philipp-amthor-wird-staatssekretaer-in-berlin,,Bundesregierung : Philipp Amthor wird Staatssekretär in Berlin,20250428T103000Z,,zeit.de,German,Germany,Philippines,German,fc851448e1dbf0b3fc128735534c4db4
https://www.nordbayern.de/bayern/deb-auswahl-gewinnt-wm-test-mit-nhl-torhuter-grubauer-1.14663782,,DEB - Auswahl gewinnt WM - Test mit NHL - Torhüter Grubauer,20250426T220000Z,https://images.nordbayern.de/image/contentid/policy:1.14663783:1745688984/ImportDpaPicFile559jpg.jpg?f=2%3A1&m=FIT&%24p%24f%24h%24m%24w=956b93d,nordbayern.de,German,Germany,Philippines,German,f9db075208dcf5d96b7157e19f80e6e4
https://www.hoerzu.de/aktuelles/grosse-verzweiflung-bei-bitte-melde-dich-ki-ist-julia-leischiks-letzte-hoffnung/,,Große Verzweiflung bei „ Bitte melde dich : KI ist Julia Leischiks letzte Hoffnung ! ,20250428T031500Z,https://www.hoerzu.de/_default_upload_bucket/16295/image-thumb__16295__og-header-image/Julia%20Leischik_Folge%20eins_Bitte%20melde%20dich.2e6dc2f0.jpg,hoerzu.de,German,Germany,Philippines,German,73536c16605756203d64887834010353
https://www.meinbezirk.at/spittal/c-lokales/muttertags-fruehstueck-im-seefischer_a7286025,,11 . Mai : Muttertags - Frühstück im Seefischer,20250428T141500Z,https://media04.meinbezirk.at/article/2025/04/28/7/45054837_XXL.webp,meinbezirk.at,German,Austria,Philippines,German,a6095835bc7380e9523bde07e1442a2d
https://www.cna.com.tw/news/aopl/202504280294.aspx,,南海緊張局勢升高 菲 、 紐將簽署軍隊互訪協定 | 國際,20250428T124500Z,,cna.com.tw,Chinese,Taiwan,Philippines,Chinese,67aed03b475f5fda934e0cddf23e0e98
https://www.cna.com.tw:443/news/aopl/202504270178.aspx,,中國海警登南海鐵線礁 菲美實施防空操演 | 國際,20250427T144500Z,,cna.com.tw,Chinese,Taiwan,Philippines,Chinese,d530526ccacf6ca1ac3b69ec97d8ea44
https://www.cna.com.tw/news/aopl/202504270178.aspx,,中國海警登南海鐵線礁 菲美實施防空操演 | 國際,20250427T134500Z,,cna.com.tw,Chinese,Taiwan,Philippines,Chinese,1b95863d1218dd781fd01f48613d2c7e
https://www.zaobao.com.sg/news/sea/story20250427-6252302,,中国海警铁线礁插旗 或加剧菲中紧张局势,20250427T150000Z,https://cassette.sphdigital.com.sg/image/zaobao/632c257629df6290755e4cdfb631ff032abfb7e628bb07eb3b3c1000616b234e,zaobao.com.sg,Chinese,Singapore,Philippines,Chinese,e469680c8866bf86b8e3c01c2954c975
https://military.china.com/news/13004177/20250427/48264443.html,,菲律宾能选出亲华总统吗 ？ 中美都在等结果 _ 军事频道 _ 中华网,20250427T040000Z,,military.china.com,Chinese,China,Philippines,Chinese,6d3aac5b54ed6d9822b75cbb6a6c6c3b
https://www.ntdtv.com/b5/2025/04/27/a103980290.html,https://www.ntdtv.com/b5/2025/04/27/a103980290.html/amp,美菲軍演 美反艦飛彈系統首度進駐巴丹島 | 菲律賓巴丹島 | 反艦飛彈發射器 | 中共,20250427T191500Z,https://i.ntdtv.com/assets/uploads/2025/04/id103980301-GettyImages-2212241261-1200x630.jpg,ntdtv.com,Chinese,China,Philippines,Chinese,810a46c5804f0fc7cb801ec3cb80ce38
https://www.cna.com.tw/news/aopl/202504270172.aspx,,菲美肩並肩飛彈演習 提升海岸互補防衛能力 | 國際,20250427T134500Z,https://imgcdn.cna.com.tw/www/WebPhotos/1024/20250427/1407x768_wmky_0_C20250427000165.jpg,cna.com.tw,Chinese,Taiwan,Philippines,Chinese,fd979ccccf833269e37bb8e5525ab382
https://www.metroseoul.co.kr:443/article/20250427500068,,"LG유플러스 키즈토피아 , 체험형 K - 콘텐츠 추가",20250427T050000Z,https://cdn.emetro.co.kr/data2/content/image/2025/04/27/.cache/512/20250427500069.jpg,metroseoul.co.kr,Korean,South Korea,Philippines,Korean,fcd95dc05f01c9802c48e50dda416c1a
https://www.thestar.com.my/aseanplus/aseanplus-news/2025/04/28/thai-rice-exports-in-2025-struggling-downward-target-revision-ahead,,"Thai rice exports in 2025 struggling , downward target revision ahead",20250428T031500Z,https://apicms.thestar.com.my/uploads/images/2025/04/28/3287606.jpg,thestar.com.my,English,Malaysia,Thailand,English,4dd9c14690ddd0ae10f3f8501232e0ad
https://www.bangkokpost.com/learning/easy/3012760/checks-underway-on-700-000-thai-mobile-phone-numbers-of-foreigners,,"Checks underway on 700 , 000 Thai mobile phone numbers of foreigners",20250428T021500Z,https://static.bangkokpost.com/media/content/20250428/c1_3012760_700.jpg,bangkokpost.com,English,Thailand,Thailand,English,5f160a50a7b46390cf68e90d0921c672
https://www.bangkokpost.com/thailand/general/3011956/trade-talks-stall-over-bailed-scholar,,Bangkok Post - Trade talks stall over bailed scholar,20250427T013000Z,https://static.bangkokpost.com/media/content/20250427/c1_3011956_250427053913_700.jpg,bangkokpost.com,English,Thailand,Thailand,English,9cce5c93b3705ff197267db7f380798f
"https://motorsport.nextgen-auto.com/fr/formule-1/albon-rejette-ses-saisons-precedentes-difficiles-sur-ses-monoplaces,198885.html","https://amp.nextgen-auto.com/fr/formule-1/albon-rejette-ses-saisons-precedentes-difficiles-sur-ses-monoplaces,198885.html",Albon rejette ses saisons précédentes difficiles sur ses monoplaces,20250427T144500Z,,motorsport.nextgen-auto.com,French,Spain,Thailand,French,4cd2ccb7b1cc6b1bc4dc553cd890d3b2
https://www.zonebourse.com/cours/action/EXXON-MOBIL-CORPORATION-4822/actualite/Aster-Chemicals-envisage-de-racheter-les-stations-service-d-Exxon-Mobil-a-Singapour-selon-des-sour-49732616/,,"Aster Chemicals envisage de racheter les stations - service dExxon Mobil à Singapour , selon des sources",20250428T044500Z,https://cdn.zonebourse.com/static/resize/0/0/images/reuters/2025-04/2025-04-15T174245Z_1_LYNXMPEL3E0WU_RTROPTP_4_GUYANA-PETROLEO-EXXON.JPG,zonebourse.com,French,France,Thailand,French,bb3ca41a6e2cf8ab6a80e448434e2341
https://www.thailande-fr.com/visas/128802-carte-darrivee-numerique-en-thailande-tdac-comment-la-remplir-avant-votre-depart,,Carte darrivée numérique en Thaïlande ( TDAC ): comment la remplir avant votre départ » thailande - fr,20250428T074500Z,https://s3.thailande-fr.com/wp-content/uploads/2025/04/QR-Code-immigration.jpg,thailande-fr.com,French,Thailand,Thailand,French,3d4b2ce88b8b8201364b34a7ab3e99bb
https://www.sudouest.fr/economie/auto-moto/ecrans-drones-et-massages-le-futur-de-l-automobile-s-expose-a-shanghai-24198302.php,,"Écrans , drones et massages  : le futur de lautomobile sexpose à Shanghai",20250427T091500Z,https://media.sudouest.fr/24198302/1200x-1/20250424133304-51754212.jpg,sudouest.fr,French,France,Thailand,French,61f46a48284c7942af889fa13c943ce7
https://www.sudouest.fr:443/economie/auto-moto/ecrans-drones-et-massages-le-futur-de-l-automobile-s-expose-a-shanghai-24198302.php,,"Écrans , drones et massages  : le futur de lautomobile sexpose à Shanghai",20250427T090000Z,https://media.sudouest.fr/24198302/1200x-1/20250424133304-51754212.jpg,sudouest.fr,French,France,Thailand,French,0c91497107472e1b8444ffd97d03178b
https://lequotidien.lu/economie/ecrans-drones-et-massages-le-futur-de-lautomobile-sexpose-a-shanghai/,,"Écrans , drones et massages : le futur de lautomobile sexpose à Shanghai",20250427T133000Z,https://lequotidien.lu/wp-content/uploads/2025/04/1099150_cx__cy__cw__ch_-840x450.jpeg,lequotidien.lu,French,Luxembourg,Thailand,French,38b9d6b37fb9557f348320a412d6aa6e
https://fr.euronews.com/green/2025/04/27/les-programmes-televisuels-sur-la-faune-et-la-flore-se-developpent-de-plus-en-plus-en-euro,,Les programmes télévisuels sur la faune et la flore se développent de plus en plus en Europe,20250427T164500Z,https://static.euronews.com/articles/stories/09/23/40/30/1200x675_cmsv2_3e7c17aa-e7a3-57dc-9afc-eed75dcf5105-9234030.jpg,fr.euronews.com,French,United States,Thailand,French,9bdad8c1258e736d5aa93f1ffe2b90cf
https://laverdadnoticias.com/internacional/tension-china-ee-uu-impacta-asia-aranceles-preocupan-beijing-responde-20250428,,"Tensión China - EE . UU . impacta Asia : Aranceles preocupan , Beijing responde",20250428T184500Z,https://eibrx5yeyug.exactdn.com/wp-content/uploads/2025/04/Tension_China_EEUU_impacta_Asia_Aranceles_preocupan_beijing_responde.jpg,laverdadnoticias.com,Spanish,Mexico,Thailand,Spanish,b67b602eea9be2dd1663e042285001a5
https://www.rtl.de/sendungen/kampf-der-realitystars/kampf-der-realitystars-2025-alle-teilnehmer-diese-kandidaten-wagen-sich-an-den-star-strand-id2184482.html,,Kampf der Realitystars 2025 : Alle Teilnehmer ! Diese Kandidaten wagen sich an den Star - Strand,20250427T134500Z,https://www.rtl.de/img/2188859/1744314287/c16_9/1200/kampf-der-realitystars_2025_gruppe_01_presse.jpg,rtl.de,German,Germany,Thailand,German,0f6b592b581d589517293e7550be282e
https://www.giga.de/entertainment/besser-als-netflix-china-alternative-haut-mich-mit-gratis-filmen-und-serien-einfach-um--01JSHKS0XJ4MZESMB9QYMR5S8F,,Besser als Netflix ? China - Alternative haut mich mit Gratis - Filmen und - Serien einfach um,20250426T193000Z,https://static.giga.de/35/51/5b/a72fc386e6299c793eb45da610_AzMxYWY4Njk5YmQx.png#fp=b24481e5ffff,giga.de,German,Germany,Thailand,German,e2db9af24986ce8c58ef8f3e6f60582d
https://www.wallstreet-online.de/nachricht/19276201-delivery-hero-comeback-starken-zahlen-uebernahmefantasie-sorgt-zusaetzlichen-schwung,,Delivery Hero : Comeback mit starken Zahlen – Übernahmefantasie sorgt für zusätzlichen Schwung,20250428T120000Z,,wallstreet-online.de,German,Germany,Thailand,German,aeeac7ace88613fc89142e7ce4186624
https://www.finanznachrichten.de/nachrichten-2025-04/65231200-delivery-hero-comeback-mit-starken-zahlen-uebernahmefantasie-sorgt-fuer-zusaetzlichen-schwung-203.htm,,Delivery Hero : Comeback mit starken Zahlen - Übernahmefantasie sorgt für zusätzlichen Schwung,20250428T114500Z,https://app.newstool.de/t/nY579FYTX69hnadVxjFzHe/?as=5ecowvqGFHjnqjZH4b69Uh,finanznachrichten.de,German,Germany,Thailand,German,bd57d6e3743cb3ff749f2e0eb7e0c38e
https://www.dostor.org/5050869,,ميار الغيطي تهنيء شقيقتها مي بحفل زفافها : أتمنى لكما حياةً مليئةً بالحب,20250428T181500Z,,dostor.org,Arabic,Egypt,Thailand,Arabic,f770b3cd9b2047d7f8dc821890b49114
https://www.albayan.ae/economy/business/uae-economy/41780,https://www.albayan.ae/amp/economy/business/uae-economy/41780,سوق السفر العربي 2025 ينطلق في دبي غداً,20250427T110000Z,https://www.albayan.ae/assets/images/2025/04/27/4761891.jpg,albayan.ae,Arabic,United Arab Emirates,Thailand,Arabic,227a276468f9560fae0d5f086263dcea
https://www.alkhabarkw.com/saudi/28587.html,https://www.alkhabarkw.com/saudi/amp/28587,صحافة تايلند : الأهلي السعودي يلقّن بوريرام درساً قاسياً ويصنع طريقاً لـ « ديربي سعودي » في نصف نهائي آسيا,20250427T113000Z,https://www.alkhabarkw.com/temp/resized/medium_default.png,alkhabarkw.com,Arabic,Kuwait,Thailand,Arabic,a64a3dc24f7e712d0d3fc5b875fe42f7
https://www.newspim.com/news/view/20250428000080,https://m.newspim.com/newsamp/view/20250428000080,"두산에너빌리티 - 한전KDN , 에너지 분야 디지털 전환 MOU 체결",20250428T003000Z,https://img.newspim.com/news/2025/04/28/2504280837525040.jpg,newspim.com,Korean,South Korea,Thailand,Korean,d91b92064c3f50bcea7fd11a53a6ec73
https://www.ansa.it/marche/notizie/2025/04/27/conero-running-vincono-il-marocchino-eddami-e-la-ceca-pastorova_a279e98c-f6c2-4406-9024-30191d32e35d.html,https://www.ansa.it/amp/marche/notizie/2025/04/27/conero-running-vincono-il-marocchino-eddami-e-la-ceca-pastorova_a279e98c-f6c2-4406-9024-30191d32e35d.html,"Conero Running , vincono il marocchino Eddami e la ceca Pastorova - Notizie",20250427T200000Z,https://www.ansa.it/webimages/img_1129x635/2025/4/27/4600974692a8dbe40d9a7e4066754137.jpg,ansa.it,Italian,Italy,Thailand,Italian,018bfe9c288547204be3d9ef37b1e99e
https://correiodoestado.com.br/correio-b/capa-b-entrevista-exclusiva-com-o-ator-portugues-destaque-no-remake/447316/,https://correiodoestado.com.br/noticia/amp/447316/capa-b-entrevista-exclusiva-com-o-ator-portugues-destaque-no-remake/,Capa B+ : Entrevista exclusiva com o ator português destaque no remake de Vale Tudo Ângelo Rodrigues,20250428T000000Z,https://cdn.correiodoestado.com.br/img/social/1200/1200/dn_arquivo/2025/04/nknl05g1nwkn.jpg,correiodoestado.com.br,Portuguese,Brazil,Thailand,Portuguese,c4c29ed5ab2283d1c5481969317b2269
https://www.openpr.com/news/3991323/respiratory-heaters-market-size-share-trends-analysis-report,,"Respiratory Heaters Market Size , Share & Trends Analysis Report",20250428T184500Z,https://cdn.open-pr.com/L/4/L428778372_g.jpg,openpr.com,English,United States,Middle East,English,14327754d732af87716b7a34a8c67539
https://www.hurriyetdailynews.com/antalya-hosts-nato-parliamentary-assembly-seminar-on-security-208578,https://www.hurriyetdailynews.com/amp/antalya-hosts-nato-parliamentary-assembly-seminar-on-security-208578,Antalya hosts NATO Parliamentary Assembly seminar on security,20250428T151500Z,,hurriyetdailynews.com,English,Turkey,Middle East,English,55ab917cf8183eb025833c2066bb1f4c
https://www.khaleejtimes.com/lifestyle/beauty/pioneering-green-partnerships-loral-middle-east-and-binsina-pharmacy-unite-for-sustainable-beauty,https://www.khaleejtimes.com/lifestyle/beauty/pioneering-green-partnerships-loral-middle-east-and-binsina-pharmacy-unite-for-sustainable-beauty?amp=1,LOréal Middle East and BinSina Pharmacy unite for sustainable beauty,20250428T140000Z,"https://imgengine.khaleejtimes.com/khaleejtimes-english/2025-04-28/say9howx/Lead.jpg?&format=auto&ogImage=true&mode=crop&rect=0,0,1004,669",khaleejtimes.com,English,United Arab Emirates,Middle East,English,7f7f6333621d1d98ce0ed568839bef70
https://www.haaretz.com/us-news/2025-04-27/ty-article/.premium/a-hiring-and-a-firing-drag-israel-into-fight-over-trumps-middle-east-policy/00000196-7697-dc28-a3f6-7f97263c0000,,A Hiring and a Firing Drag Israel Into Fight Over Trump Middle East Policy - U . S . News,20250427T124500Z,"https://img.haarets.co.il/bs/00000196-769c-dc28-a3f6-7f9d37b50001/a1/df/e001e9434db28d9561216c29f04b/411375-3.jpg?precrop=2200,1279,x0,y0",haaretz.com,English,Israel,Middle East,English,ecf37a19fe58f5bdec4e795011b93252
https://www.haaretz.com/israel-news/haaretz-today/2025-04-28/ty-article/.highlight/trump-beware-biden-officials-interviews-on-israeli-news-show-offer-warning-about-bibi/00000196-7c6a-ddcc-a7be-fc7ef8d20000,,"Trump , Beware : Biden Official Interviews on Israeli News Show Offer Warning About Netanyahu - Haaretz Today",20250428T174500Z,https://img.haarets.co.il/bs/00000193-bb8e-d884-a3fb-bbdf54c80000/0c/1b/a8e535df4eefb0aa9a273d95b199/882817.jpg,haaretz.com,English,Israel,Middle East,English,35ffc60a85299d58fa0c92988cf6b676
https://www.yahoo.com/news/3-including-metro-atlanta-man-150835224.html,,"3 , including metro Atlanta man , charged with laundering $30 million in drug money",20250427T170000Z,https://media.zenfs.com/en/wsb_cox_articles_232/640d8f93f13793098df09a281f9f107d,yahoo.com,English,United States,Middle East,English,f7de4ddda5470dff1098625206c8e2b4
https://www.nbcnewyork.com/news/business/money-report/indian-airlines-cant-fly-over-pakistan-heres-how-that-could-affect-airfares/6240534/,https://www.nbcnewyork.com/news/business/money-report/indian-airlines-cant-fly-over-pakistan-heres-how-that-could-affect-airfares/6240534/?amp=1,Indian airlines cant fly over Pakistan . Here how that is affecting flights,20250428T083000Z,https://media.nbcnewyork.com/2025/04/108137052-1745745722803-gettyimages-1240418840-economou-indigoai220415_np6ah_0b583c.jpeg?quality=85&strip=all,nbcnewyork.com,English,United States,Middle East,English,dac6014cdf15cf2e85cfd05f257cd5bd
"https://www.businessnews.com.tn/Tunisie--la-Banque-mondiale-pr%E9voit-une-croissance-de-1,9-en-2025,520,147423,3",,"Tunisie : la Banque mondiale prévoit une croissance de 1 , 9 % en 2025",20250427T180000Z,https://www.businessnews.com.tn/images/album/IMGBN83130banque-mondiale.jpg,businessnews.com.tn,French,Tunisia,Middle East,French,dded369697f6eb39c282c0630d15a2f7
https://plumaslibres.com.mx/2025/04/28/region-del-cofre-de-perote-con-mas-incendios-forestales-conafor/,,Región del Cofre de Perote con más incendios forestales : Conafor,20250428T184500Z,https://i0.wp.com/plumaslibres.com.mx/wp-content/uploads/2025/04/0-39.jpg?fit=1080%2C486&ssl=1,plumaslibres.com.mx,Spanish,Mexico,Middle East,Spanish,0f47de69d2542eaef878b2d7c327dbfd
https://jo24.net/article/530609,https://jo24.net/amp/article/530609,جو 24 : طلبة  الشرق الأوسط  يزورون معهد السياسة والمجتمع,20250427T111500Z,https://jo24.net/assets/2025-04-27/images/8_news_1745750934.jpg,jo24.net,Arabic,Jordan,Middle East,Arabic,8f5684d230cdcabcd6b8981ffcdbc6fe
https://fedpress.ru/news/66/society/3376929,,В Екатеринбурге откроется выставка трофейной техники из зоны СВО : что можно увидеть | Свердловская область,20250428T071500Z,https://img2.fedpress.ru/thumbs/600x360-facebook/2025/04/3033/0442ff73afa9320f753c7c036649be74.jpg,fedpress.ru,Russian,Russia,Middle East,Russian,28cc507e93a254eb9981a818f2e224de
https://bloknot.ru/v-mire/mnogohodovochka-ssha-prigotovili-novyj-udar-po-rossii-cherez-konflikt-indii-i-pakistana-1412663.html,,Многоходовочка : США приготовили новый удар по России через конфликт Индии и Пакистана,20250427T070000Z,https://bloknot.ru/wp-content/uploads/2025/04/gl-14-800x600.jpeg,bloknot.ru,Russian,Russia,Middle East,Russian,3a17107ca9071cec4fe3e36c26d3d956
https://www.ixbt.com/news/2025/04/27/ne-dlja-prodazhi-mashiny-nikak-ne-adaptirovany-voprosov-bolshe-chem-otvetov-v-dubae-otkrylsja-shourum-gde-vystavleny.html,https://www.ixbt.com/news/2025/04/27/ne-dlja-prodazhi-mashiny-nikak-ne-adaptirovany-voprosov-bolshe-chem-otvetov-v-dubae-otkrylsja-shourum-gde-vystavleny.amp.html," « Не для продажи », машины никак не адаптированы , вопросов больше , чем ответов . В Дубае открылся шоу - рум , где выставлены все модели Lada",20250427T090000Z,https://www.ixbt.com/img/n1/news/2025/3/0/photo_2025-04-27_08-36-32%20(3)_large.jpg,ixbt.com,Russian,China,Middle East,Russian,7875a47434df8e216e4969e2093570bb
https://www.elivebrescia.tv/la-promozione-turistica-di-brescia-passa-anche-da-dubai/,https://www.elivebrescia.tv/la-promozione-turistica-di-brescia-passa-anche-da-dubai/?amp=1,La promozione turistica di Brescia passa anche da Dubai,20250428T164500Z,https://www.elivebrescia.tv/wp-content/uploads/2025/04/La-promozione-turistica-di-Brescia-passa-anche-da-Dubai.jpg,elivebrescia.tv,Italian,,Middle East,Italian,56278362235a1f142614afa40befe9a3
https://www.zazoom.it/2025-04-28/gaza-qatar-progressi-nei-negoziati-per-la-tregua-al-jazeera-almeno-17-morti-in-raid-notturni-israeliani/16856834/,,Gaza Qatar | Progressi nei negoziati per la tregua | Al Jazeera | Almeno 17 morti in raid notturni israeliani,20250428T074500Z,https://img-api.cloud.mediaset.net/api/images/kn/v1/image_main/1200/675/93457196?r=1763,zazoom.it,Italian,Italy,Middle East,Italian,b4e6bddcefd1afb065d36babf46a4a65
https://www.zazoom.it/2025-04-28/gaza-qatar-progressi-nei-negoziati-per-la-tregua-hamas-almeno-50-palestinesi-uccisi-domenica-negli-attacchi-dellesercito-israeliano/16855972/,,Gaza Qatar | Progressi nei negoziati per la tregua | Hamas | almeno 50 palestinesi uccisi domenica negli attacchi dell  esercito israeliano,20250427T233000Z,https://img-api.cloud.mediaset.net/api/images/kn/v1/image_main/1200/675/93457196?r=1758,zazoom.it,Italian,Italy,Middle East,Italian,1457e2fe96b8f6a660ba446768a8cac5
https://allafrica.com/stories/202504280332.html,,"West Africa Charts New Trade , Infrastructure Frontiers Amid Global Shifts",20250428T114500Z,,allafrica.com,English,Nigeria,Africa,English,c07595164f2a8d6f3754382a68bb9663
https://www.arabnews.com/node/2598554,https://www.arabnews.com/node/2598554/amp,Africa and the path to self - reliance,20250426T204500Z,https://www.arabnews.com/sites/default/files/authors/1528016-gad22.png,arabnews.com,English,Saudi Arabia,Africa,English,9fdc173695ee33459c3bb59c897a35ce
https://www.jdsupra.com/legalnews/advance-in-africa-investment-innovation-4437463/,,"Advance in Africa : Investment , Innovation & Growth Trends | StoneTurn",20250428T154500Z,https://jdsupra-static.s3.amazonaws.com/profile-images/og.16201_2205.jpg,jdsupra.com,English,United States,Africa,English,af00ea926cb97ea7c1752d341ea45040
https://allafrica.com/stories/202504280424.html,,Nigeria : What West African Countries Need to Do to Revive Their Economies - Experts,20250428T140000Z,,allafrica.com,English,Nigeria,Africa,English,538299dc8c284ab00cfb334738c732eb
https://www.forbes.com/sites/davidbressan/2025/04/27/how-earths-mantle-played-a-role-in-shaping-human-evolution/,,How Earth Mantle Played A Role In Shaping Human Evolution,20250427T193000Z,https://imageio.forbes.com/specials-images/imageserve/60c9eb0e590df8775a14d23d/0x0.jpg?format=jpg&fit=bounds,forbes.com,English,United States,Africa,English,dd2fadd1cf7a3e139ccedf4b0ba0e521
https://www.lemonde.fr/idees/article/2025/04/27/l-afrique-produit-moins-de-2-des-vaccins-dont-elle-a-besoin-il-faut-developper-la-fabrication-locale_6600611_3232.html,, LAfrique produit moins de 2 % des vaccins dont elle a besoin : il faut développer la fabrication locale ,20250427T123000Z,https://img.lemde.fr/2025/04/25/0/0/4000/2666/1440/960/60/0/97df4e5_sirius-fs-upload-1-gafh7exmvsfo-1745599137481-000-36449wu.jpg,lemonde.fr,French,France,Africa,French,052a8da382c82e5b1db8a1a295fcbb1d
https://fr.allafrica.com/stories/202504280572.html,,Afrique : Football - La CAF dévoile les noms de ses cinq nouveaux vice - présidents,20250428T184500Z,,fr.allafrica.com,French,Nigeria,Africa,French,c391a50e1696a7d06b7f8f7b2929bc73
"https://www.bladi.net/match-maroc-angola-live,114458.html",,Match Maroc - Angola : à quelle heure et sur quelles chaînes ? ,20250428T140000Z,,bladi.net,French,Morocco,Africa,French,a4b1574e29a3bf4efcf9e6e9916ac236
https://www.elimparcial.com/mundo/2025/04/26/esta-fue-la-vez-que-el-papa-francisco-critico-los-excesos-del-capitalismo-y-reconocio-errores-historicos-de-la-iglesia/,https://www.elimparcial.com/mundo/2025/04/26/esta-fue-la-vez-que-el-papa-francisco-critico-los-excesos-del-capitalismo-y-reconocio-errores-historicos-de-la-iglesia/?outputType=amp-type,Esta fue la vez que el papa Francisco criticó los excesos del capitalismo y reconoció errores históricos de la Iglesia | Noticias de México,20250426T211500Z,https://www.elimparcial.com/resizer/v2/QNFXRGE6FVDARKQTI2CDNHD57M.jpg?auth=f29c0d8cbc401ea2be081f491ffd1a53bb5a7b96ce41faa5a2c8f9a33bb1d6e3&smart=true&quality=70,elimparcial.com,Spanish,Mexico,Africa,Spanish,bd2b77d617f6781b058eef7579e0f9e7
https://www.ecoticias.com/hoyeco/africa-secretos-origen/20026/,,África guarda secretos inexplicables : Es en donde buscar cuando queremos conocer nuestro origen,20250427T171500Z,https://www.ecoticias.com/hoyeco/wp-content/uploads/2025/04/Origen.jpg,ecoticias.com,Spanish,Spain,Africa,Spanish,bf9e8fef1045c2a949e309eb91fab266
https://www.lapatria.com/internacional/besungu-un-papable-que-contrario-francisco-conozca-la-historia-de-este-congoleno,,"Besungu , un papable que contrarió a Francisco : conozca la historia de este congoleño",20250427T183000Z,https://www.lapatria.com/sites/default/files/styles/opengraph_1200x630/public/noticia/2025-04/Fridolin-Ambongo-Besungu%20-y-Franciscus.jpg?itok=Mnyufv7c,lapatria.com,Spanish,Colombia,Africa,Spanish,49447b2874edb2430f702c4e8895ca7e
https://www.tagesspiegel.de/zum-schutz-der-pflanzen-im-winter-168-fenster-der-weinbergterrassen-am-schloss-sanssouci-erneuert-13587322.html,,Zum Schutz der Pflanzen im Winter : 168 Fenster der Weinbergterrassen am Schloss Sanssouci erneuert,20250427T094500Z,https://www.tagesspiegel.de/images/13587325/alternates/BASE_16_9_W1400/1745585791000/trockenheit-in-brandenburg-park-sanssouci.jpeg,tagesspiegel.de,German,Germany,Africa,German,bc3066f009cbf9ec22f50f3969677148
https://www.diepresse.com/19615399/gibt-es-ein-recht-auf-migration,,Gibt es ein Recht auf Migration ? ,20250427T100000Z,https://img.diepresse.com/public/incoming/bcmx3q-20250206_PD14326.HR.jpg/alternates/DPR_SOCIAL_MAGAZIN/20250206_PD14326.HR.jpg,diepresse.com,German,Austria,Africa,German,546a5738dd7caf306d44760b694e73ae
https://inews24.com/view/1838804,https://m.inews24.com/v/1838804,김문수  당선 즉시 한미정상회담⋯  수출 5대 강국  공약,20250428T013000Z,https://image.inews24.com/v1/43a36eb3ff4044.jpg,inews24.com,Korean,,Africa,Korean,d0c9bad6cf54bb09b08ea2525fb833bb
https://www.ansa.it/sito/notizie/mondo/africa/2025/04/28/due-giornalisti-italiani-sono-stati-espulsi-dal-marocco_a2fbb4c8-595a-44a6-8a0a-7a8a45a81876.html,https://www.ansa.it/amp/sito/notizie/mondo/africa/2025/04/28/due-giornalisti-italiani-sono-stati-espulsi-dal-marocco_a2fbb4c8-595a-44a6-8a0a-7a8a45a81876.html,  Due giornalisti italiani sono stati espulsi dal Marocco  - Africa,20250428T064500Z,https://www.ansa.it/webimages/img_1129x635/2023/5/20/f17824a24a43fe24297255711840b20a.jpg,ansa.it,Italian,Italy,Africa,Italian,814e82c82b6def591883467dd593c07b
https://www.primocanale.it/attualit%c3%a0/53879-nuovo-papa-sfide-chiesa-conclave.html,https://www.primocanale.it/attualit%c3%a0/53879-nuovo-papa-sfide-chiesa-conclave.amp.html,Le sfide del nuovo Papa tra attenzione agli ultimi e geopolitica - Primocanale . it - Le notizie aggiornate dalla Liguria,20250428T154500Z,https://www.primocanale.it/images/cittavaticanop92356p54782.jpg,primocanale.it,Italian,Italy,Africa,Italian,3f6bf1d39e325474e6a5e79b19c30690
