url,url_mobile,title,seendate,socialimage,domain,language,sourcecountry,theme_id,theme_description,target_language
https://www.openpr.com/news/3953715/logistics-automation-market-trends-and-insights-2025-2032,,Logistics Automation Market Trends and Insights 2025 - 2032 : ,20250403T114500Z,https://cdn.open-pr.com/L/4/L403428780_g.jpg,openpr.com,English,United States,SECURITY_SERVICES,Security and law enforcement services,English
https://www.openpr.com/news/3954703/pre-applied-adhesives-and-sealants-market-size-by-application,,"Pre - Applied Adhesives And Sealants Market Size by Application , ",20250403T183000Z,https://cdn.open-pr.com/L/4/L403202197_g.jpg,openpr.com,English,United States,SECURITY_SERVICES,Security and law enforcement services,English
https://www.thestar.com.my/tech/tech-news/2025/04/17/thai-security-services-doxxing-activists-watchdog-says,,"Thai security services doxxing activists , watchdog says",20250417T081500Z,https://apicms.thestar.com.my/uploads/images/2025/04/17/3269526.jpg,thestar.com.my,English,Malaysia,SECURITY_SERVICES,Security and law enforcement services,English
https://www.yahoo.com/news/russian-region-declares-emergency-blast-153539774.html,,Russian region declares emergency after blast at military unit,20250422T161500Z,,yahoo.com,English,United States,SECURITY_SERVICES,Security and law enforcement services,English
https://www.marketscreener.com/quote/stock/UNITEDHEALTH-GROUP-INC-14750/news/UnitedHealth-spent-1-7-million-on-executive-security-in-2024-filing-shows-49668654/,,"UnitedHealth spent $1 . 7 million on executive security in 2024 , filing shows",20250421T213000Z,https://cdn.zonebourse.com/static/resize/0/0/images/reuters/2025-04/2025-04-17T101204Z_2_LYNXMPEL3G0C8_RTROPTP_4_UNITEDHEALTH-RESULTS.JPG,marketscreener.com,English,,SECURITY_SERVICES,Security and law enforcement services,English
https://www.radiotamazuj.org/en/news/article/over-300-spla-io-soldiers-defect-to-sspdf,,Over 300 SPLA - IO soldiers defect to SSPDF,20250423T090000Z,https://www.radiotamazuj.org/wp-content/uploads/2025/04/Defect.png,radiotamazuj.org,English,South Sudan,SECURITY_SERVICES,Security and law enforcement services,English
https://www.jamaicaobserver.com/2025/04/23/bringing-services-closer-people-charles-jr-visits-st-mary-satellite-office/,,Bringing services closer to the people : Charles Jr visits St Mary satellite office,20250424T000000Z,https://www.jamaicaobserver.com/jamaicaobserver/news/wp-content/uploads/sites/4/2025/04/jhjuk.png,jamaicaobserver.com,English,Jamaica,SECURITY_SERVICES,Security and law enforcement services,English
https://www.thestar.com.my/news/world/2025/04/03/poland039s-tusk-cites-foreign-interference-after-party-hit-by-cyberattack,,Poland Tusk cites foreign interference after party hit by cyberattack,20250402T184500Z,https://apicms.thestar.com.my/uploads/images/2025/04/03/3245898.jpg,thestar.com.my,English,Malaysia,SECURITY_SERVICES,Security and law enforcement services,English
https://leadership.ng/n-delta-activists-in-uk-demand-justice-for-slain-tantita-staff/,,N / Delta Activists In united kingdom Demand Justice For Slain Tantita Staff,20250408T103000Z,https://leadership.ng/wp-content/uploads/2025/04/IMG-20250408-WA0017.jpg,leadership.ng,English,Nigeria,SECURITY_SERVICES,Security and law enforcement services,English
https://www.mirror.co.uk/news/uk-news/prince-andrews-top-advisor-accused-35003806,https://www.mirror.co.uk/news/uk-news/prince-andrews-top-advisor-accused-35003806.amp,Prince Andrew top advisor accused of  ignoring MI5 warning over Chinese spy  ,20250406T131500Z,https://i2-prod.mirror.co.uk/article35003811.ece/ALTERNATES/s1200/0_Screenshot-2024-12-16-at-151916.jpg,mirror.co.uk,English,United Kingdom,SECURITY_SERVICES,Security and law enforcement services,English
https://www.belfasttelegraph.co.uk/news/uk/no-fly-zone-imposed-over-charless-sandringham-estate-after-security-request/a696470916.html,https://m.belfasttelegraph.co.uk/news/uk/no-fly-zone-imposed-over-charless-sandringham-estate-after-security-request/a696470916.html,No - fly zone imposed over Charles Sandringham estate after security request,20250418T090000Z,https://focus.belfasttelegraph.co.uk/thumbor/LxrCCXnmr8nJxHZkE-H7EOWNPOc=/578x0:2793x1477/629x0/prod-mh-ireland/bd9fd99f-3e6d-4a0a-a728-70f8c043b815/ed45a862-1a9e-43bc-89a8-34fd7f41e59a/3b59d376-09ba-4c97-be3a-4a9ee43117b0.jpg,belfasttelegraph.co.uk,English,United Kingdom,SECURITY_SERVICES,Security and law enforcement services,English
https://www.graphic.com.gh/news/general-news/kwahu-aduamoa-ghana-immigration-service-gets-new-office.html,,Kwahu Aduamoa : Ghana Immigration Service gets new office,20250420T150000Z,https://www.graphic.com.gh/images/2025/apr/18/gis.jpg,graphic.com.gh,English,Ghana,SECURITY_SERVICES,Security and law enforcement services,English
https://www.theyeshivaworld.com/news/general/2386215/revealed-azerbaijan-foiled-irans-plot-to-assassinate-rabbi-shneur-segal.html,,REVEALED : Azerbaijan Foiled Iran Plot To Assassinate Rabbi Shneur Segal – The Yeshiva World,20250405T230000Z,https://yeshivaworld.b-cdn.net/wp-content/uploads/2025/04/FotoJet-2025-04-05T222157.086-1.jpg,theyeshivaworld.com,English,United States,SECURITY_SERVICES,Security and law enforcement services,English
https://www.thisdaylive.com/index.php/2025/04/12/tantita-deepens-security-partnership-donates-multimillion-naira-state-of-the-art-police-station-in-delta/,https://www.thisdaylive.com/index.php/2025/04/12/tantita-deepens-security-partnership-donates-multimillion-naira-state-of-the-art-police-station-in-delta/?amp,"Tantita Deepens Security Partnership , Donates Multimillion Naira State - of - the - Art Police Station in Delta – THISDAYLIVE",20250412T150000Z,https://global.ariseplay.com/amg/www.thisdaylive.com/uploads/Tantita-Security-Services-Nigeria.jpg,thisdaylive.com,English,Nigeria,SECURITY_SERVICES,Security and law enforcement services,English
https://www.edp24.co.uk/news/national/25100189.no-fly-zone-imposed-charless-sandringham-estate-security-request/,,No - fly zone imposed over Charles Sandringham estate after security request,20250418T090000Z,https://www.edp24.co.uk/resources/images/19349015.jpg?type=og-image,edp24.co.uk,English,United Kingdom,SECURITY_SERVICES,Security and law enforcement services,English
https://www.kentonline.co.uk/news/national/no-fly-zone-imposed-over-charles-s-sandringham-estate-after-security-request-144460/,https://www.kentonline.co.uk/news/national/amp/no-fly-zone-imposed-over-charles-s-sandringham-estate-after-security-request-144460/,No - fly zone imposed over Charles Sandringham estate after security request,20250418T090000Z,https://www.kentonline.co.uk/_media/img/N7E6DDHY34GCEEFJAB61.jpg,kentonline.co.uk,English,United Kingdom,SECURITY_SERVICES,Security and law enforcement services,English
https://www.pehub.com/palatine-backed-cyberfort-expands-reach-with-zdl-acquisition/,,Palatine - backed Cyberfort expands reach with ZDL acquisition,20250408T104500Z,https://media.pehub.com/uploads/2022/06/PEHub_PEDeals.jpg,pehub.com,English,United States,SECURITY_SERVICES,Security and law enforcement services,English
https://timesofindia.indiatimes.com/city/ranchi/local-security-firm-bags-prestigious-business-award/articleshow/120043385.cms,https://timesofindia.indiatimes.com/city/ranchi/local-security-firm-bags-prestigious-business-award/amp_articleshow/120043385.cms,Local security firm bags prestigious business award | Ranchi News,20250406T211500Z,"https://static.toiimg.com/thumb/msid-117692173,width-1070,height-580,imgsize-117990,resizemode-75,overlay-toi_sw,pt-32,y_pad-40/photo.jpg",timesofindia.indiatimes.com,English,India,SECURITY_SERVICES,Security and law enforcement services,English
https://www.pehub.com/pe-backed-pye-barker-fire-safety-snaps-up-arrow-fire-protection/,,PE - backed Pye - Barker Fire & Safety snaps up Arrow Fire Protection,20250417T161500Z,,pehub.com,English,United States,SECURITY_SERVICES,Security and law enforcement services,English
https://www.thetelegraphandargus.co.uk/news/national/25100189.no-fly-zone-imposed-charless-sandringham-estate-security-request/,,No - fly zone imposed over Charles Sandringham estate after security request,20250418T090000Z,https://www.thetelegraphandargus.co.uk/resources/images/19349015.jpg?type=og-image,thetelegraphandargus.co.uk,English,United Kingdom,SECURITY_SERVICES,Security and law enforcement services,English
https://www.theargus.co.uk/news/national/25100189.no-fly-zone-imposed-charless-sandringham-estate-security-request/,,No - fly zone imposed over Charles Sandringham estate after security request,20250418T084500Z,https://www.theargus.co.uk/resources/images/19349015.jpg?type=og-image,theargus.co.uk,English,United Kingdom,SECURITY_SERVICES,Security and law enforcement services,English
https://www.irishexaminer.com/news/arid-41610415.html,,Ireland first national security watchdog begins his term in office,20250410T103000Z,https://www.irishexaminer.com/cms_media/module_img/9151/4575799_11_articlelarge_Justice_20Birmingham_20UL_202.jpg,irishexaminer.com,English,Ireland,SECURITY_SERVICES,Security and law enforcement services,English
https://www.lancashiretelegraph.co.uk/news/national/25100189.no-fly-zone-imposed-charless-sandringham-estate-security-request/,,No - fly zone imposed over Charles Sandringham estate after security request,20250418T084500Z,https://www.lancashiretelegraph.co.uk/resources/images/19349015.jpg?type=og-image,lancashiretelegraph.co.uk,English,United Kingdom,SECURITY_SERVICES,Security and law enforcement services,English
https://www.thisdaylive.com/index.php/2025/04/12/gbaramatu-youths-accuse-evangelist-of-inciting-violence-between-itsekiri-and-ijaw/,https://www.thisdaylive.com/index.php/2025/04/12/gbaramatu-youths-accuse-evangelist-of-inciting-violence-between-itsekiri-and-ijaw/?amp,Gbaramatu Youths Accuse Evangelist of Inciting Violence Between Itsekiri and Ijaw – THISDAYLIVE,20250412T150000Z,https://global.ariseplay.com/amg/www.thisdaylive.com/uploads/Michael-Diden.jpg,thisdaylive.com,English,Nigeria,SECURITY_SERVICES,Security and law enforcement services,English
https://www.eadt.co.uk/news/national/25100189.no-fly-zone-imposed-charless-sandringham-estate-security-request/,,No - fly zone imposed over Charles Sandringham estate after security request,20250418T083000Z,https://www.eadt.co.uk/resources/images/19349015.jpg?type=og-image,eadt.co.uk,English,United Kingdom,SECURITY_SERVICES,Security and law enforcement services,English
https://punchng.com/ndelta-group-protests-in-london-seeks-investigation-into-oil-facility-guards-death/,https://punchng.com/ndelta-group-protests-in-london-seeks-investigation-into-oil-facility-guards-death/?amp,"NDelta group protests in London , seeks investigation into oil facility guard death",20250407T224500Z,https://cdn.punchng.com/wp-content/uploads/2025/04/07221032/bf5425df-8d84-4890-97c1-d16891268927-1024x768.jpeg,punchng.com,English,Nigeria,SECURITY_SERVICES,Security and law enforcement services,English
https://www.thestar.com.my/news/world/2025/04/15/series-of-blasts-shake-russia039s-kursk-near-ukrainian-border-russian-telegram-channels-report,,"Series of blasts shake Russia Kursk near Ukrainian border , Russian Telegram channels report",20250415T011500Z,,thestar.com.my,English,Malaysia,SECURITY_SERVICES,Security and law enforcement services,English
https://www.arabnews.com/node/2597828/world,https://www.arabnews.com/node/2597828/amp,Congo suspends Kabila political party,20250420T210000Z,https://www.arabnews.com/sites/default/files/styles/660x371_watermarksaudi/public/main-image/2025/04/20/4594262-1821348073.jpg?itok=HkiZcoee,arabnews.com,English,Saudi Arabia,SECURITY_SERVICES,Security and law enforcement services,English
https://www.yorkpress.co.uk/news/national/25100189.no-fly-zone-imposed-charless-sandringham-estate-security-request/,,No - fly zone imposed over Charles Sandringham estate after security request,20250418T083000Z,https://www.yorkpress.co.uk/resources/images/19349015.jpg?type=og-image,yorkpress.co.uk,English,United Kingdom,SECURITY_SERVICES,Security and law enforcement services,English
https://www.yahoo.com/news/russias-spy-chief-says-russia-090052961.html,,"Russia spy chief says Russia , Belarus ready to act over European  escalation  around Ukraine",20250415T094500Z,https://media.zenfs.com/en/reuters.com/3e58d8613bc93ff38aba1c84585cf8fc,yahoo.com,English,United States,SECURITY_SERVICES,Security and law enforcement services,English
https://www.thestar.com.my/news/world/2025/04/15/russia039s-spy-chief-says-russia-belarus-ready-to-act-over-european-039escalation039-around-ukraine,,"Russia spy chief says Russia , Belarus ready to act over European  escalation  around Ukraine",20250415T103000Z,https://apicms.thestar.com.my/uploads/images/2025/04/15/3266232.jpg,thestar.com.my,English,Malaysia,SECURITY_SERVICES,Security and law enforcement services,English
https://punchng.com/dr-congo-authorities-suspend-ex-president-kabilas-party/,https://punchng.com/dr-congo-authorities-suspend-ex-president-kabilas-party/?amp,DR Congo authorities suspend ex - president Kabila  party,20250420T153000Z,https://cdn.punchng.com/wp-content/uploads/2025/04/20153850/kabila.jpg,punchng.com,English,Nigeria,SECURITY_SERVICES,Security and law enforcement services,English
https://www.thehindu.com/news/international/dr-congo-authorities-suspend-party-of-ex-president-kabila/article69472209.ece,https://www.thehindu.com/news/international/dr-congo-authorities-suspend-party-of-ex-president-kabila/article69472209.ece/amp/,DR Congo authorities suspend party of ex - President Kabila,20250420T183000Z,https://th-i.thgim.com/public/incoming/5ap9md/article69472214.ece/alternates/LANDSCAPE_1200/2025-03-18T163655Z_200232983_RC2SFDAQX0KX_RTRMADP_3_CONGO-SECURITY-KABILA.JPG,thehindu.com,English,India,SECURITY_SERVICES,Security and law enforcement services,English
https://www.finsmes.com/2025/04/riptides-raises-3-3m-in-pre-seed-funding.html,,Riptides Raises $3 . 3M in Pre - Seed Funding,20250423T103000Z,https://www.finsmes.com/wp-content/uploads/2025/04/Riptides.jpeg,finsmes.com,English,United States,SECURITY_SERVICES,Security and law enforcement services,English
https://www.openpr.com/news/3975096/global-automation-center-of-excellence-market-forecasts-robust,,Global Automation Center of Excellence Market Forecasts Robust,20250417T070000Z,https://cdn.open-pr.com/L/4/L417131097_g.jpg,openpr.com,English,United States,SECURITY_SERVICES,Security and law enforcement services,English
https://procurement-notices.undp.org/view_negotiation.cfm?nego_id=31830,,Procurement Notices - UNDP - VNM - 01351 - ITB for the LTA on Security Guard Service for the GOUNH in Hanoi,20250328T211500Z,https://procurement-notices.undp.org/images/undp-procurement-notices-meta.jpg,procurement-notices.undp.org,English,Lebanon,SECURITY_SERVICES,Security and law enforcement services,English
https://www.wtvr.com/news/local-news/virginia-security-guard-licensing-april-24-2025,,Virginia security guard says state licensing delays hindered his ability to work,20250425T023000Z,https://cf.cdn.uplynk.com/ause1/slices/5fd/ab537de11df9456cb23cbc1d7e732de9/5fda7d54312d4781a4ac5a17c8c4fb5b/poster_a3c8dc6343d046799a97f66d060542b6.png,wtvr.com,English,United States,SECURITY_SERVICES,Security and law enforcement services,English
https://www.openpr.com/news/3948747/spiral-steel-pipes-market-forecasted-to-grow-at-a-8-cagr,,"Spiral Steel Pipes Market Forecasted to Grow at a 8 % CAGR , ",20250401T074500Z,https://cdn.open-pr.com/L/4/L401159397_g.jpg,openpr.com,English,United States,SECURITY_SERVICES,Security and law enforcement services,English
https://www.openpr.com/news/3948746/operating-tables-market-estimated-to-reach-usd-1-540-4-million,,"Operating Tables Market Estimated to Reach USD 1 , 540 . 4 Million",20250401T074500Z,https://cdn.open-pr.com/L/4/L401612023_g.jpg,openpr.com,English,United States,SECURITY_SERVICES,Security and law enforcement services,English
https://timesofoman.com/article/156439-hm-the-sultan-performs-eid-al-fitr-prayers-at-sultan-qaboos-grand-mosque,,HM the Sultan performs Eid Al Fitr Prayers at Sultan Qaboos Grand Mosque,20250331T043000Z,https://shabiba.eu-central-1.linodeobjects.com/2025/03/1743388809-1743388809-zs6plcnrxmji-700x400.jpeg,timesofoman.com,English,Oman,SECURITY_SERVICES,Security and law enforcement services,English
https://www.standardmedia.co.ke/world/article/2001516940/dr-congo-authorities-suspend-party-of-ex-president-kabila,https://www.standardmedia.co.ke/amp/world/article/2001516940/dr-congo-authorities-suspend-party-of-ex-president-kabila,DR Congo authorities suspend party of ex - president Kabila,20250420T103000Z,https://cdn.standardmedia.co.ke/images/articles/thumbnails/pTaFQqrX9Jz7thFajiF7Brrau92kmVwSwCGwFsG7.jpg,standardmedia.co.ke,English,Kenya,SECURITY_SERVICES,Security and law enforcement services,English
https://saharareporters.com/2025/04/08/niger-delta-activists-uk-demand-justice-slain-tantita-company-worker,,Niger - Delta Activists In united kingdom Demand Justice For Slain Tantita Company Worker,20250408T103000Z,,saharareporters.com,English,Nigeria,SECURITY_SERVICES,Security and law enforcement services,English
https://www.politico.eu/article/china-is-supplying-weapons-to-russia-zelenskyy-said/,,"China is supplying weapons to Russia , Zelenskyy says",20250417T174500Z,"https://www.politico.eu/cdn-cgi/image/width=1200,height=630,fit=crop,quality=80,onerror=redirect/wp-content/uploads/2025/04/17/GettyImages-2210077532-scaled.jpg",politico.eu,English,United States,SECURITY_SERVICES,Security and law enforcement services,English
https://www.yahoo.com/news/sbu-detains-group-suspected-directing-131205262.html,,SBU detains group suspected of directing Russian missile attacks on Kyiv,20250331T134500Z,https://s.yimg.com/ny/api/res/1.2/3c.OQGTcsvsjDuqr2pSV5w--/YXBwaWQ9aGlnaGxhbmRlcjt3PTEyMDA7aD03OTk-/https://media.zenfs.com/en/kyiv_independent_articles_496/72fcd99313e7240bc7ace7cc0c69f5d9,yahoo.com,English,United States,SECURITY_SERVICES,Security and law enforcement services,English
https://www.openpr.com/news/3962835/apac-and-mea-finance-and-accounting-managed-services-industry,,Apac And Mea Finance And Accounting Managed Services Industry,20250409T101500Z,https://cdn.open-pr.com/L/4/L409251842_g.jpg,openpr.com,English,United States,SECURITY_SERVICES,Security and law enforcement services,English
https://menafn.com/1109439037/GCC-Denounces-Hostile-Designs-Targeting-Jordan,,GCC Denounces Hostile Designs Targeting Jordan,20250417T000000Z,,menafn.com,English,Qatar,SECURITY_SERVICES,Security and law enforcement services,English
https://www.openpr.com/news/3968015/king-lamarr-timepiece-unveils-its-signature-line-where,,King Lamarr Timepiece Unveils Its Signature Line,20250411T230000Z,https://cdn.open-pr.com/4/1/412262692_g.jpg,openpr.com,English,United States,SECURITY_SERVICES,Security and law enforcement services,English
https://www.openpr.com/news/3968018/doall-sawing-products-names-craig-freking-president-following,,"DoALL Sawing Products Names Craig Freking President , Following",20250411T230000Z,https://cdn.open-pr.com/4/1/412984099_g.jpg,openpr.com,English,United States,SECURITY_SERVICES,Security and law enforcement services,English
https://www.openpr.com/news/3968013/charleston-pain-relief-wellness-center-introduces-eboo,,Charleston Pain Relief & Wellness Center Introduces EBOO,20250411T230000Z,https://cdn.open-pr.com/4/1/412909451_g.jpg,openpr.com,English,United States,SECURITY_SERVICES,Security and law enforcement services,English
https://www.bloomberg.com/news/articles/2025-04-16/uk-raises-alarm-on-chinese-drones-used-to-survey-sensitive-sites,,UK Concerned by Use of Chinese Drones to Survey Sensitive Sites,20250416T161500Z,https://assets.bwbx.io/images/users/iqjWHBFdfxIU/iuQTMmPn3MoI/v1/1200x800.jpg,bloomberg.com,English,United States,SECURITY_SERVICES,Security and law enforcement services,English
https://www.theguardian.com/uk-news/2025/apr/18/no-fly-zone-in-place-over-sandringham-royal-estate-after-reported-zelenskyy-scare,,No - fly zone in place over Sandringham royal estate  after Zelenskyy scare  | King Charles III,20250418T141500Z,https://i.guim.co.uk/img/media/1d420231450c3ed302fab1101de354b828d8109f/0_84_3500_2100/master/3500.jpg?&quality=85&auto=format&fit=crop&overlay-align=bottom%2Cleft&overlay-width=100p&overlay-base64=L2ltZy9zdGF0aWMvb3ZlcmxheXMvdGctZGVmYXVsdC5wbmc&enable=upscale&s=78b5dd4dd4ae9e80e270f3e044550a1f,theguardian.com,English,United Kingdom,SECURITY_SERVICES,Security and law enforcement services,English
https://www.aol.co.uk/no-fly-zone-place-over-132402716.html,,No - fly zone in place over Sandringham royal estate  after Zelenskyy scare  ,20250418T134500Z,https://media.zenfs.com/en/aol_the_guardian_uk_429/7355f3a7e82a651e9da94dd4eb85c5a9,aol.co.uk,English,United Kingdom,SECURITY_SERVICES,Security and law enforcement services,English
https://www.freepressjournal.in/pune/pune-contractor-submitted-fake-employee-list-looted-funds-alleges-mpcc-leader-sanjay-balgude-in-letter-to-pmc-commissioner-rajendra-bhosale,https://www.freepressjournal.in/amp/pune/pune-contractor-submitted-fake-employee-list-looted-funds-alleges-mpcc-leader-sanjay-balgude-in-letter-to-pmc-commissioner-rajendra-bhosale,"Pune : Contractor Submitted Fake Employee List , Looted Funds , Alleges MPCC Leader Sanjay Balgude In Letter To PMC Commissioner Rajendra Bhosale",20250418T083000Z,https://media.assettype.com/freepressjournal/2020-06/e5cf8948-d2fe-4c8d-8c8b-f0b3c6fdab58/Pune_Coroporation.jpg,freepressjournal.in,English,India,SECURITY_SERVICES,Security and law enforcement services,English
https://gulfnews.com/uae/emergencies/sharjah-police-officers-honoured-for-rapid-response-to-emergencies-1.500099887,/amp/story/uae%2Femergencies%2Fsharjah-police-officers-honoured-for-rapid-response-to-emergencies-1.500099887,Sharjah Police officers honoured for rapid response to emergencies,20250420T153000Z,https://media.assettype.com/gulfnews%2F2025-04-20%2Fjhhptja8%2FSharjah-Police.jpeg?&ar=40%3A21&auto=format%2Ccompress&ogImage=true&mode=crop&enlarge=true&overlay=false&overlay_position=bottom&overlay_width=100,gulfnews.com,English,United Arab Emirates,SECURITY_SERVICES,Security and law enforcement services,English
https://www.nna-leb.gov.lb/en/x/772466/geagea-we-hope-to-start-hearing-news-of-arresting,,الوكالة الوطنية للإعلام - Geagea : We hope to start hearing news of arresting major players after each smuggling operation is unveiled,20250413T171500Z,,nna-leb.gov.lb,English,Lebanon,SECURITY_SERVICES,Security and law enforcement services,English
http://www.businessghana.com/site/news/general/326313/CDS-receives-guard-of-honour-at-police-headquarters,,CDS receives guard of honour at police headquarters,20250416T073000Z,http://www.businessghana.com/cms/img/news/2025-04-15-1217491.JPG,businessghana.com,English,Ghana,SECURITY_SERVICES,Security and law enforcement services,English
https://dailypost.ng/2025/04/24/nff-warns-referees-against-undue-manipulation/,,NFF warns referees against undue manipulation,20250424T091500Z,https://dailypost.ng/wp-content/uploads/2020/03/Nigeria_Football_Federation_crest_gray_hd_1600-1-1.jpg,dailypost.ng,English,Nigeria,SECURITY_SERVICES,Security and law enforcement services,English
https://jamaica-gleaner.com/article/lead-stories/20250420/battle-royale,,Battle royale,20250420T081500Z,https://jamaica-gleaner.com/sites/default/files/styles/250px/public/media/article_images/2025/04/20/3106482/8287153.jpg?itok=bYXjGapb,jamaica-gleaner.com,English,Jamaica,SECURITY_SERVICES,Security and law enforcement services,English
https://www.healthcareitnews.com/news/qa-rural-hospitals-need-help-cybersecurity-survival,,Q & A : Rural hospitals need help with cybersecurity survival,20250402T171500Z,https://www.healthcareitnews.com/sites/hitn/files/computer-stacks-meeting-stock_1200_0_0.jpg,healthcareitnews.com,English,United States,SECURITY_SERVICES,Security and law enforcement services,English
https://www.myjoyonline.com/we-must-immediately-declare-a-state-of-emergency-awula-serwah/,,We must immediately declare a state of emergency - Awula Serwah,20250416T114500Z,https://www.myjoyonline.com/wp-content/uploads/2023/06/Awula-Serwaah.jpg,myjoyonline.com,English,Ghana,SECURITY_SERVICES,Security and law enforcement services,English
https://www.kuna.net.kw/ArticleDetails.aspx?id=3224220,,كونا : Kuwait Public Prosecutor bans publishing information on raffle case - محاكم,20250328T234500Z,,kuna.net.kw,English,Kuwait,SECURITY_SERVICES,Security and law enforcement services,English
https://www.kuna.net.kw/ArticleDetails.aspx?id=3224220&language=en,,KUNA : Kuwait Public Prosecutor bans publishing information on raffle case - Law,20250328T234500Z,,kuna.net.kw,English,Kuwait,SECURITY_SERVICES,Security and law enforcement services,English
https://www.nna-leb.gov.lb/en/politics/773969/pm-salam-praises-lebanese-army-s-preemptive-operat,,"الوكالة الوطنية للإعلام - PM Salam praises Lebanese Army preemptive operation , reaffirms state control over arms",20250420T121500Z,https://www.nna-leb.gov.lb/media/cache/admin_thumb/uploads/images/8cf52c68c7c225ef928bec14570bed9c.png,nna-leb.gov.lb,English,Lebanon,SECURITY_SERVICES,Security and law enforcement services,English
https://www.nna-leb.gov.lb/en/%d8%b3%d9%8a%d8%a7%d8%b3%d8%a9/773969/pm-salam-praises-lebanese-army-s-preemptive-operat,,"الوكالة الوطنية للإعلام - PM Salam praises Lebanese Army preemptive operation , reaffirms state control over arms",20250420T121500Z,https://www.nna-leb.gov.lb/media/cache/admin_thumb/uploads/images/8cf52c68c7c225ef928bec14570bed9c.png,nna-leb.gov.lb,English,Lebanon,SECURITY_SERVICES,Security and law enforcement services,English
https://www.yahoo.com/news/polish-pm-tusk-says-cyberattack-151726492.html,,Poland Tusk cites foreign interference after party hit by cyberattack,20250402T160000Z,https://media.zenfs.com/en/reuters.com/a6a64dee5793b304be6d31d5b6da73f8,yahoo.com,English,United States,SECURITY_SERVICES,Security and law enforcement services,English
https://unitedwithisrael.org/report-iran-tried-to-murder-rabbi-in-azerbaijan/,https://unitedwithisrael.org/report-iran-tried-to-murder-rabbi-in-azerbaijan/amp/,Report : Iran tried to murder rabbi in Azerbaijan,20250406T154500Z,,unitedwithisrael.org,English,Israel,SECURITY_SERVICES,Security and law enforcement services,English
https://www.ghanaweb.com/GhanaHomePage/NewsArchive/Flights-Saga-NIB-awaiting-Speaker-s-clearance-to-interrogate-Ntim-Fordjour-Kwakye-Ofosu-1979087,https://mobile.ghanaweb.com/GhanaHomePage/NewsArchive/Flights-Saga-NIB-awaiting-Speaker-s-clearance-to-interrogate-Ntim-Fordjour-Kwakye-Ofosu-1979087,Flights Saga : NIB awaiting Speaker clearance to interrogate Ntim Fordjour,20250409T080000Z,https://cdn.ghanaweb.com/imagelib/pics/905/90519636.jpg,ghanaweb.com,English,Ghana,SECURITY_SERVICES,Security and law enforcement services,English
https://www.mirror.co.uk/news/uk-news/jill-dando-murder-spy-chief-35118370,https://www.mirror.co.uk/news/uk-news/jill-dando-murder-spy-chief-35118370.amp,Spy chief revelation blows open mystery of Jill Dando unsolved murder,20250425T160000Z,https://i2-prod.mirror.co.uk/article35119084.ece/ALTERNATES/s1200/0_1NEW-MIRROR-EXCL-MAIN-1200x675.jpg,mirror.co.uk,English,United Kingdom,SECURITY_SERVICES,Security and law enforcement services,English
https://www.jagonews24.com/en/national/news/81878,https://www.jagonews24.com/en/amp/81878,  Except Israel  clause reinstated in Bangladeshi passports,20250413T110000Z,https://cdn.jagonews24.com/media/imgAllNew/BG/2023March/passport-20250413163602.jpg,jagonews24.com,English,Bangladesh,SECURITY_SERVICES,Security and law enforcement services,English
https://www.lbc.co.uk/hot-topics/royals/king-charles-drones-zelenskyy-sandringham-royals-ukraine-russia/,,Mystery drones spotted above Sandringham sparked security scare just days before King ... ,20250418T114500Z,https://images.lbc.co.uk/images/717490?&crop=16_9&signature=1gkAYH1002q7Wc5c28QOuQP70OI=,lbc.co.uk,English,United Kingdom,SECURITY_SERVICES,Security and law enforcement services,English
https://www.oxfordmail.co.uk/news/national/25100189.no-fly-zone-imposed-charless-sandringham-estate-security-request/,,No - fly zone imposed over Charles Sandringham estate after security request,20250418T090000Z,https://www.oxfordmail.co.uk/resources/images/19349015.jpg?type=og-image,oxfordmail.co.uk,English,United Kingdom,SECURITY_SERVICES,Security and law enforcement services,English
https://www.bssnews.net/international/265060,,DR Congo authorities suspend party of ex - president Kabila,20250421T061500Z,https://www.bssnews.net/assets/news_photos/2025/04/21/image-265060-1745205314.jpg,bssnews.net,English,Bangladesh,SECURITY_SERVICES,Security and law enforcement services,English
https://www.esa.int/ESA_Multimedia/Images/2025/03/IRIDE_first_image_over_Rome,,ESA - IRIDE first image over Rome,20250328T171500Z,https://www.esa.int/var/esa/storage/images/esa_multimedia/images/2025/03/iride_first_image_over_rome/26636824-3-eng-GB/IRIDE_first_image_over_Rome_pillars.jpg,esa.int,English,Germany,SECURITY_SERVICES,Security and law enforcement services,English
https://news.webindia123.com/news/Articles/Business/20250421/4309508.html,,"Infopercept Unveils Invinsense 6 . 0 : Empowers Detection & Response , Exposure Management , and Compliance with Agentic AI",20250421T124500Z,,news.webindia123.com,English,India,SECURITY_SERVICES,Security and law enforcement services,English
https://www.yahoo.com/news/one-student-killed-three-wounded-164326219.html,,"One student killed , three wounded in knife attack at French school",20250424T180000Z,https://media.zenfs.com/en/dpa_international_526/fea4f36cf1cde3eac3915130bd266873,yahoo.com,English,United States,SECURITY_SERVICES,Security and law enforcement services,English
https://www.middleeasteye.net/live-blog/live-blog-update/israel-allows-180-jews-worship-al-aqsa-mosque-first-time,,Israel allows 180 Jews to worship on Al - Aqsa Mosque for first time,20250416T154500Z,https://www.middleeasteye.net/sites/default/files/2025-04/2025-04-15T062203Z_139979425_RC25YDAMQ6AR_RTRMADP_3_ISRAEL-PALESTINIANS-GAZA.JPG,middleeasteye.net,English,Israel,SECURITY_SERVICES,Security and law enforcement services,English
https://www.arabnews.com/node/2598187/world,https://www.arabnews.com/node/2598187/amp,"Ukrainian strike damages Russian drone production site in Tatarstan , Kyiv says",20250423T184500Z,https://www.arabnews.com/sites/default/files/styles/660x371_watermarksaudi/public/main-image/2025/04/23/4595257-1244646817.jpg?itok=t8usnRJz,arabnews.com,English,Saudi Arabia,SECURITY_SERVICES,Security and law enforcement services,English
https://www.yahoo.com/news/ukraine-investigating-leaked-u-minerals-144004738.html,,"Ukraine investigating leaked U . S . minerals deal , FT reports",20250405T151500Z,https://s.yimg.com/ny/api/res/1.2/9DpyepZb6xeX9mD7Zkae9Q--/YXBwaWQ9aGlnaGxhbmRlcjt3PTEyMDA7aD02NzU-/https://media.zenfs.com/en/kyiv_independent_articles_496/c2d7d5da2d878b99ce17c42b5e7bf681,yahoo.com,English,United States,SECURITY_SERVICES,Security and law enforcement services,English
https://www.politico.eu/article/china-deny-volodymyr-zelenskyy-claim-provide-weapon-russia-lin-jian/,,China denies Zelenskyy charge that it provides Russia with weapons – POLITICO,20250418T150000Z,"https://www.politico.eu/cdn-cgi/image/width=1200,height=630,fit=crop,quality=80,onerror=redirect/wp-content/uploads/2025/04/18/12968954-scaled.jpg",politico.eu,English,United States,SECURITY_SERVICES,Security and law enforcement services,English
https://www.csoonline.com/article/3950749/some-lessons-learned-about-resilience-in-cybersecurity-from-a-visit-to-ukraine.html,,Lessons learned about cyber resilience from a visit to Ukraine,20250409T103000Z,https://www.csoonline.com/wp-content/uploads/2025/04/3950749-0-29683600-1744178563-shutterstock_2108082842-100920542-orig.jpg?quality=50&strip=all,csoonline.com,English,United States,SECURITY_SERVICES,Security and law enforcement services,English
https://www.yahoo.com/news/ukrainian-strike-damages-russian-drone-181654907.html,,"Ukrainian strike damages Russian drone production site in Tatarstan , Kyiv says",20250423T184500Z,,yahoo.com,English,United States,SECURITY_SERVICES,Security and law enforcement services,English
https://www.japantimes.co.jp/news/2025/04/17/world/politics/uk-chinese-drones-sensitive-sites/,,U . K . raises alarm on Chinese drones used to survey sensitive sites,20250417T053000Z,https://www.japantimes.co.jp/japantimes/uploads/images/2025/04/17/463925.jpg?v=3.1,japantimes.co.jp,English,Japan,SECURITY_SERVICES,Security and law enforcement services,English
https://www.tuko.co.ke/business-economy/technology/584389-kk-security-rebrands-launch-ai-powered-national-security-operations-centre-nairobi/,,KK Security Rebrands after Launch of AI - Powered National Security Operations Centre in Nairobi,20250402T153000Z,https://cdn.tuko.co.ke/images/1200x675/481cccce828b277b.jpeg?v=1,tuko.co.ke,English,Kenya,SECURITY_SERVICES,Security and law enforcement services,English
https://www.timeslive.co.za/politics/2025-04-09-bara-hospital-spends-r77m-a-year-on-security-charlotte-maxeke-r72m/,,"Bara hospital spends R77m a year on security , Charlotte Maxeke R72m",20250409T140000Z,,timeslive.co.za,English,South Africa,SECURITY_SERVICES,Security and law enforcement services,English
https://www.bssnews.net/news-flash/262789,,Bangladesh reintroduces  except Israel  inscription in passport,20250413T151500Z,https://www.bssnews.net/assets/news_photos/2025/04/13/image-262789-1744544729.jpg,bssnews.net,English,Bangladesh,SECURITY_SERVICES,Security and law enforcement services,English
https://www.marketscreener.com/quote/currency/US-DOLLAR-RUSSIAN-ROUBLE--2370597/news/Ukrainian-strike-damages-Russian-drone-production-site-in-Tatarstan-Kyiv-says-49693768/,,"Ukrainian strike damages Russian drone production site in Tatarstan , Kyiv says",20250423T184500Z,https://www.marketscreener.com/images/twitter_MS_fdnoir.png,marketscreener.com,English,,SECURITY_SERVICES,Security and law enforcement services,English
https://metro.co.uk/2025/04/18/no-fly-zone-place-kings-sandringham-home-mystery-drone-sightings-22931997/,https://metro.co.uk/2025/04/18/no-fly-zone-place-kings-sandringham-home-mystery-drone-sightings-22931997/amp/,No - fly zone in place over King Sandringham home after mystery drone sightings,20250418T113000Z,https://metro.co.uk/wp-content/uploads/2025/04/SEI_242170461-5733-e1744971911609_1744974160.jpg?quality=90&strip=all&crop=1,metro.co.uk,English,United Kingdom,SECURITY_SERVICES,Security and law enforcement services,English
https://dailypost.ng/2025/04/08/gunmen-abduct-final-year-university-student-kill-resident-in-kebbi/,,"Gunmen abduct final - year university student , kill resident in Kebbi",20250408T141500Z,https://dailypost.ng/wp-content/uploads/2022/04/Unknown-Gunmen.jpg,dailypost.ng,English,Nigeria,SECURITY_SERVICES,Security and law enforcement services,English
https://www.graphic.com.gh/news/general-news/minority-calls-on-government-to-urgently-resolve-bawku-conflict.html,,Minority calls on government to urgently resolve Bawku conflict,20250411T224500Z,https://www.graphic.com.gh/images/2025/apr/11/MINORITY.jpg,graphic.com.gh,English,Ghana,SECURITY_SERVICES,Security and law enforcement services,English
https://dailypost.ng/2025/04/04/nigerian-newspapers-10-things-you-need-to-know-friday-morning-70/,,Nigerian Newspapers : 10 things you need to know Friday morning,20250404T061500Z,https://dailypost.ng/wp-content/uploads/2023/09/Nigerian-Newspapers.jpg,dailypost.ng,English,Nigeria,SECURITY_SERVICES,Security and law enforcement services,English
https://www.thecable.ng/efccs-dele-oyewale-named-government-spokesperson-of-the-year-at-nipr-awards/,,EFCC Dele Oyewale named government spokesperson of the year at NIPR awards,20250417T230000Z,https://www.thecable.ng/wp-content/uploads/2025/04/412b2e86-eb92-418b-883f-053b46b295fa.jpeg,thecable.ng,English,Nigeria,SECURITY_SERVICES,Security and law enforcement services,English
https://www.yahoo.com/news/russian-ew-systems-designer-reportedly-104612218.html,,Russian EW systems designer reportedly killed in car bombing in Bryansk,20250426T124500Z,https://media.zenfs.com/en/kyiv_independent_articles_496/18e228025b495e637fde7132822ef1c0,yahoo.com,English,United States,SECURITY_SERVICES,Security and law enforcement services,English
https://www.yahoo.com/news/russian-general-suspected-fraud-reportedly-124845102.html,,Russian general suspected of fraud to reportedly lead Storm - Z penal unit in Ukraine,20250409T133000Z,https://media.zenfs.com/en/kyiv_independent_articles_496/06c8b828e0d5b94073bbcbe55273a2ef,yahoo.com,English,United States,SECURITY_SERVICES,Security and law enforcement services,English
https://dailypost.ng/2025/04/07/kebbi-gov-idris-visits-lakurawa-after-deadly-attack/,,Kebbi : Gov Idris visits Lakurawa after deadly attack,20250407T141500Z,https://dailypost.ng/wp-content/uploads/2024/12/images-2-2.jpg,dailypost.ng,English,Nigeria,SECURITY_SERVICES,Security and law enforcement services,English
https://punchng.com/ex-agitators-rally-for-ndelta-peace-seek-increased-funding-for-tanita/,https://punchng.com/ex-agitators-rally-for-ndelta-peace-seek-increased-funding-for-tanita/?amp,"Ex - agitators rally for NDelta peace , seek increased funding for Tantita",20250417T101500Z,https://cdn.punchng.com/wp-content/uploads/2020/06/07160752/Delta-map.jpg,punchng.com,English,Nigeria,SECURITY_SERVICES,Security and law enforcement services,English
https://www.moroccoworldnews.com/2025/04/193160/mohammed-v-airport-police-arrest-tunisian-fugitive-wanted-by-france/,,Mohammed V Airport Police Arrest Tunisian Fugitive Wanted by France,20250423T201500Z,https://www.moroccoworldnews.com/wp-content/uploads/2025/02/Police-Arrest-Suspect-in-Human-Trafficking-Network-in-Al-Hoceima-.webp,moroccoworldnews.com,English,Morocco,SECURITY_SERVICES,Security and law enforcement services,English
https://www.geo.tv/latest/599849-kate-middleton-prince-william-receive-olive-branch-from-harry,https://www.geo.tv/amp/599849-kate-middleton-prince-william-receive-olive-branch-from-harry,"Kate Middleton , Prince William receive olive branch from Harry",20250413T144500Z,https://www.geo.tv/assets/uploads/updates/2025-04-13/l_599849_071746_updates.jpg,geo.tv,English,Pakistan,SECURITY_SERVICES,Security and law enforcement services,English
https://www.japantimes.co.jp/news/2025/04/12/japan/politics/cdp-consumption-tax-talks/,,CDP kicks off discussions on cutting consumption tax,20250412T051500Z,https://www.japantimes.co.jp/japantimes/uploads/images/2025/04/12/463077.jpg?v=3.1,japantimes.co.jp,English,Japan,SECURITY_SERVICES,Security and law enforcement services,English
https://www.newsday.co.zw/editorial-comment/article/200040206/a-country-on-edge,https://www.newsday.co.zw/amp/editorial-comment/article/200040206/a-country-on-edge,A country on edge - Newsday Zimbabwe,20250331T043000Z,https://cdn.thestandard.co.zw/images/newsday/uploads/2025/03/KradFhkICJkqSGdWsXiteiG56G6yTG9NzqoT2JO8.jpg,newsday.co.zw,English,Zimbabwe,SECURITY_SERVICES,Security and law enforcement services,English
https://allafrica.com/stories/202504070720.html,,Zimbabwe : AFZ to Study Regional Cultures,20250407T183000Z,,allafrica.com,English,Nigeria,SECURITY_SERVICES,Security and law enforcement services,English
https://fr.allafrica.com/stories/202504240476.html,,Congo - Kinshasa : Tanganyika - Arrestation dune cinquantaine d  évadés de la prison de Kalemie,20250424T164500Z,,fr.allafrica.com,French,Nigeria,SECURITY_SERVICES,Security and law enforcement services,French
https://fr.allafrica.com/stories/202504120080.html,,Maroc : Laâyoune - Destruction dune importante quantité de drogues et de psychotropes,20250413T073000Z,,fr.allafrica.com,French,Nigeria,SECURITY_SERVICES,Security and law enforcement services,French
https://www.radiookapi.net/2025/04/06/actualite/societe/tension-kasindi-lubirigha-la-suite-de-la-saisie-dun-camion-de-cacao-par,,Tension à Kasindi - Lubirigha à la suite de la saisie dun camion de cacao par les autorités,20250406T231500Z,https://photos.radiookapi.net/picture/20230704143203596265_IMG-20230703-WA0083.jpg,radiookapi.net,French,Democratic Republic of the Congo,SECURITY_SERVICES,Security and law enforcement services,French
https://www.liberation.fr/international/moyen-orient/en-israel-le-chef-limoge-du-shin-bet-met-en-cause-netanyahou-20250421_CLSYGZZV5JE7VLWM4DDYPBAWW4/,,"En Israël , le chef limogé du Shin Bet met en cause Nétanyahou",20250421T184500Z,https://www.liberation.fr/resizer/zuYhgmZwSySef684SBWf_fcE8MQ=/1200x630/filters:format(jpg):quality(70):focal(2724x2220:2734x2230)/cloudfront-eu-central-1.images.arcpublishing.com/liberation/HPPGVDBIUZFFVOAWYAGV7D7P7U.jpg,liberation.fr,French,France,SECURITY_SERVICES,Security and law enforcement services,French
https://www.ladepeche.fr/2025/04/25/guerre-en-ukraine-qui-est-iaroslav-moskali-le-general-tue-dans-une-explosion-pres-de-moscou-12658036.php,,"Guerre en Ukraine  : qui est Iaroslav Moskali , le général tué dans une explosion près de Moscou  ? ",20250425T123000Z,https://images.ladepeche.fr/api/v1/images/view/680b795a31d956da5e08a6b2/large/image.jpg?v=1,ladepeche.fr,French,France,SECURITY_SERVICES,Security and law enforcement services,French
https://www.20minutes.fr/monde/4149658-20250421-israel-nuit-rien-cache-premier-ministre-netanyahu-mis-cause-7-octobre?at_medium=display&at_campaign=149,,"Israël :  Cette nuit - là , rien na ét caché au Premier ministre  Netanyahu mis en cause sur le 7 octobre",20250421T170000Z,https://img.20mn.fr/_OSHSvliQC2K85XURY_wlSk/1444x920_israeli-prime-minister-benjamin-netanyahu-attends-his-trial-on-corruption-charges-at-the-district-court-in-tel-aviv-israel-monday-april-21-2025-moti-kimchi-pool-photo-via-ap-plhk102-25111341132971-pool-photo-2504211142,20minutes.fr,French,France,SECURITY_SERVICES,Security and law enforcement services,French
https://www.ledauphine.com/defense-guerre-conflit/2025/04/21/le-chef-limoge-du-shin-bet-met-en-cause-netanyahou,,"Israël . Le chef , limogé , du Shin Bet met en cause Netanyahou",20250421T204500Z,https://cdn-s-www.ledauphine.com/images/0A0D60DB-292B-4632-98D0-E159C37F849F/FB1200/photo-1745265820.jpg,ledauphine.com,French,France,SECURITY_SERVICES,Security and law enforcement services,French
https://www.leral.net/Grand-complot-dejoue-au-Burkina-Abidjan-au-coeur-des-soupcons_a380310.html,,Grand complot déjoué au Burkina : Abidjan au cœur des soupçons,20250422T154500Z,,leral.net,French,Senegal,SECURITY_SERVICES,Security and law enforcement services,French
https://www.dna.fr/defense-guerre-conflit/2025/04/21/le-chef-limoge-du-shin-bet-met-en-cause-netanyahou,,"Israël . Le chef , limogé , du Shin Bet met en cause Netanyahou",20250421T211500Z,https://cdn-s-www.dna.fr/images/0A0D60DB-292B-4632-98D0-E159C37F849F/FB1200/photo-1745265820.jpg,dna.fr,French,France,SECURITY_SERVICES,Security and law enforcement services,French
https://www.lalsace.fr/defense-guerre-conflit/2025/04/21/le-chef-limoge-du-shin-bet-met-en-cause-netanyahou,,"Israël . Le chef , limogé , du Shin Bet met en cause Netanyahou",20250421T214500Z,https://cdn-s-www.lalsace.fr/images/0A0D60DB-292B-4632-98D0-E159C37F849F/FB1200/photo-1745265820.jpg,lalsace.fr,French,France,SECURITY_SERVICES,Security and law enforcement services,French
https://fr.allafrica.com/stories/202503280602.html,,Congo - Kinshasa : Quatre nouveaux présumés auteurs de lassassinat du journaliste Patrick Adonis Numbi présentés au gouverneur du Haut - Katanga,20250328T174500Z,,fr.allafrica.com,French,Nigeria,SECURITY_SERVICES,Security and law enforcement services,French
https://fr.euronews.com/2025/04/25/russie-un-general-tue-dans-lexplosion-dune-voiture-pres-de-moscou,,Russie : un général tué dans lexplosion dune voiture près de Moscou,20250425T124500Z,https://static.euronews.com/articles/stories/09/23/31/80/1200x675_cmsv2_a287369c-fe46-52c2-b779-e40bb4768d1f-9233180.jpg,fr.euronews.com,French,United States,SECURITY_SERVICES,Security and law enforcement services,French
https://www.europe1.fr/international/ukraine-inculpation-dun-homme-accuse-de-preparer-des-meurtres-pour-le-compte-de-moscou-671659,,Ukraine : inculpation dun homme accusé de préparer des meurtres pour le compte de Moscou,20250408T191500Z,https://www.europe1.fr/lmnr/var/europe1/storage/media/image/2025/04/08/18/075_ukrinform-aftermat250404_npdfo-1.jpg?VersionId=QDL1hjrCZ8eh1PemS9e.HvP5Rbur9bGb,europe1.fr,French,France,SECURITY_SERVICES,Security and law enforcement services,French
https://www.elkhabar.com/press/article/258848/les-raisons-de-lexpulsion-du-vice-consul-marocain-%C3%A0-oran/,,Les raisons de lexpulsion du vice - consul marocain à Oran,20250329T110000Z,http://elkhabar.com/media/uploads/images/2025-03-2909:11:18.470391-155692.webp,elkhabar.com,French,Algeria,SECURITY_SERVICES,Security and law enforcement services,French
https://www.dna.fr/faits-divers-justice/2025/04/03/une-francaise-ivre-profere-des-slogans-d-extreme-droite-a-europa-park,,Allemagne . Une Française ivre profère des slogans dextrême droite à Europa - Park,20250403T141500Z,https://cdn-s-www.dna.fr/images/EAE998A9-3387-4764-A4FF-DE4C787ABEB1/FB1200/photo-1743685633.jpg,dna.fr,French,France,SECURITY_SERVICES,Security and law enforcement services,French
https://www.lalsace.fr/faits-divers-justice/2025/04/03/une-francaise-ivre-profere-des-slogans-d-extreme-droite-a-europa-park,,Allemagne . Une Française ivre profère des slogans dextrême droite à Europa - Park,20250403T140000Z,https://cdn-s-www.lalsace.fr/images/EAE998A9-3387-4764-A4FF-DE4C787ABEB1/FB1200/photo-1743685633.jpg,lalsace.fr,French,France,SECURITY_SERVICES,Security and law enforcement services,French
https://www.linternaute.com/actualite/politique/7683725-guerre-en-ukraine-des-soldats-chinois-sur-le-front-l-information-de-kiev-qui-change-tout/,,"Guerre en Ukraine  : des soldats chinois sur le front , linformation de Kiev qui change tout",20250408T203000Z,https://img-4.linternaute.com/roZaLWzAQYv59E-ujOLxgYkmPlA=/1500x/smart/3a3563a0afe14ecd8e1ff7ff0c20c90e/ccmcms-linternaute/73639584.jpg,linternaute.com,French,France,SECURITY_SERVICES,Security and law enforcement services,French
https://africanmanager.com/saisie-de-200-grammes-de-cocaine-au-poste-frontalier-bouchebka/,,Saisie de 200 grammes de cocaïne à Bouchebka,20250403T150000Z,https://cdnfr.africanmanager.com/wp-content/uploads/2025/04/fgff.jpg,africanmanager.com,French,Tunisia,SECURITY_SERVICES,Security and law enforcement services,French
https://www.radiookapi.net/mot-cle/telephones,,telephones | Radio Okapi,20250329T153000Z,,radiookapi.net,French,Democratic Republic of the Congo,SECURITY_SERVICES,Security and law enforcement services,French
https://www.francebleu.fr/emissions/l-invite-d-ici-matin-touraine/il-a-ouvert-le-paquet-comme-un-enfant-quand-l-archeveque-de-tours-offrait-un-cadeau-d-anniversaire-au-pape-francois-1936366,,  Il a ouvert le paquet comme un enfant  : quand larchevêque de Tours offrait un cadeau danniversaire au pape François,20250422T104500Z,https://www.francebleu.fr/s3/cruiser-production-eu3/2025/04/600f1e35-4f48-4a53-8f1d-ba0a841af6bc/1200x680_sc_1200x680-sc-383770-ql3e6jgbfw-whr.jpg,francebleu.fr,French,France,SECURITY_SERVICES,Security and law enforcement services,French
https://www.dhnet.be/regions/namur/2025/04/18/alerte-a-la-bombe-en-cours-sur-le-site-de-godinne-du-chu-ucl-namur-un-plan-durgence-declenche-J7CWUZYMNFCXLCEWNJQN4AHPXA/,,Alerte à la bombe en cours sur le site de Godinne du CHU UCL Namur : un plan durgence déclenché,20250418T224500Z,"https://cloudfront-eu-central-1.images.arcpublishing.com/ipmgroup/DZNGDE46VVGXRGHD3TEI5RB3GM.png:100:0,559",dhnet.be,French,Belgium,SECURITY_SERVICES,Security and law enforcement services,French
"https://www.businessnews.com.tn/Tozeur--arrestation-de-l%92homme-qui-a-immol%E9-son-%E9pouse%20,520,146880,3",,Tozeur : arrestation de lhomme qui a immolé son épouse,20250411T203000Z,https://www.businessnews.com.tn/images/album/IMGBN114511fem.jpg,businessnews.com.tn,French,Tunisia,SECURITY_SERVICES,Security and law enforcement services,French
https://www.leral.net/Cooperation-Securitaire-Une-delegation-marocaine-en-visite-d-etudes-a-la-Gendarmerie-Nationale_a380407.html,,Coopération Sécuritaire : Une délégation marocaine en visite d  études à la Gendarmerie Nationale,20250424T093000Z,https://www.leral.net/photo/art/grande/88110674-62404026.jpg?v=1745485535,leral.net,French,Senegal,SECURITY_SERVICES,Security and law enforcement services,French
https://www.yabiladi.com/articles/details/163633/casablanca-arrestation-quatre-supporters-dont.html,,"Casablanca : Arrestation de quatre supporters , dont un mineur , après des violences",20250410T103000Z,https://static.yabiladi.com/files/articles/yabiladi-95a5c3235ccf5abc808f1664205e8ebf20250410101629.jpg,yabiladi.com,French,Morocco,SECURITY_SERVICES,Security and law enforcement services,French
https://www.dakaractu.com/Le-Burkina-publie-une-liste-de-personnes-recherchees-des-jihadistes-aux-journalistes_a260092.html,https://www.dakaractu.com/Le-Burkina-publie-une-liste-de-personnes-recherchees-des-jihadistes-aux-journalistes_a260092.amp.html,"Le Burkina publie une liste de personnes recherchées , des jihadistes aux journalistes",20250402T014500Z,https://www.dakaractu.com/photo/art/grande/87611322-62128731.jpg?v=1743547392,dakaractu.com,French,Senegal,SECURITY_SERVICES,Security and law enforcement services,French
https://www.lalibre.be/dernieres-depeches/2025/04/25/un-general-russe-tue-dans-lexplosion-dune-voiture-pres-de-moscou-W3CZ2VXBYBFS3K4SSZAP4PZTKU/,,"Un général russe tué dans lexplosion dune voiture , Moscou accuse lUkraine",20250426T024500Z,https://www.lalibre.be/resizer/v2/ODKLKJBY5JHBZGGEX5JO7VIOG4.png?auth=99992c0249edfd0f59ed7caae24c0f483574cfcaa1b362acfcac9717c690a301&quality=85&smart=true,lalibre.be,French,Belgium,SECURITY_SERVICES,Security and law enforcement services,French
https://www.dhnet.be/dernieres-depeches/2025/04/25/un-general-russe-tue-dans-lexplosion-dune-voiture-pres-de-moscou-W3CZ2VXBYBFS3K4SSZAP4PZTKU/,,"Un général russe tué dans lexplosion dune voiture , Moscou accuse lUkraine",20250426T024500Z,https://www.dhnet.be/resizer/v2/7VMUDRERRBCZFHIRPIT3OFNCE4.png?auth=e26ec744f03e936804ed79e7aebfa711f3f6ad9ee4d8768a59ebacc7229c4737&quality=85&smart=true,dhnet.be,French,Belgium,SECURITY_SERVICES,Security and law enforcement services,French
https://www.aps.dz:443/algerie/184816-saisie-de-41-kg-de-cocaine-a-adrar,,MDN : saisie de 41 kg de cocaïne à Adrar,20250403T120000Z,https://www.aps.dz/media/k2/items/cache/881d2372f840d6b4423aefe3f744288c_M.jpg,aps.dz,French,Algeria,SECURITY_SERVICES,Security and law enforcement services,French
https://www.aps.dz/algerie/184816-saisie-de-41-kg-de-cocaine-a-adrar,,MDN : saisie de 41 kg de cocaïne à Adrar,20250403T141500Z,https://www.aps.dz/media/k2/items/cache/881d2372f840d6b4423aefe3f744288c_M.jpg,aps.dz,French,Algeria,SECURITY_SERVICES,Security and law enforcement services,French
http://french.xinhuanet.com/20250408/363fd16074f84cbcac8d7987521086d9/c.html,,LIran écrase un groupe terroriste affilié à lEI - Xinhua,20250408T093000Z,,french.xinhuanet.com,French,China,SECURITY_SERVICES,Security and law enforcement services,French
https://www.charentelibre.fr:443/international/proche-orient/guerre-a-gaza/un-general-de-l-etat-major-tue-dans-une-explosion-pres-de-moscou-24173876.php,,Un général de l  état - major tué dans une explosion près de Moscou,20250425T140000Z,https://media.charentelibre.fr/24173876/1200x-1/20250425145104-5267212.jpg,charentelibre.fr,French,France,SECURITY_SERVICES,Security and law enforcement services,French
http://french.china.org.cn/foreign/txt/2025-04/08/content_117812074.htm,,LIran écrase un groupe terroriste affilié à lEI,20250408T101500Z,,french.china.org.cn,French,China,SECURITY_SERVICES,Security and law enforcement services,French
https://www.rtl.be/actu/belgique/societe/4-faux-agresseurs-miment-une-prise-dassaut-dauditoire-rempli-detudiants-un/2025-04-08/article/745516,,4 faux agresseurs miment une prise dassaut dauditoire rempli d  étudiants : un exercice de sécurité se déroule aux Fucam à Mons,20250408T160000Z,https://rtleng.rosselcdn.net/sites/default/files/dpistyles_v2/ena_16_9_extra_big/2025/04/08/node_745516/4127542/public/2025/04/08/fucam-2.jpg?itok=9MEg8xwQ1744119755,rtl.be,French,Belgium,SECURITY_SERVICES,Security and law enforcement services,French
https://www.koaci.com/article/2025/04/16/nigeria/politique/nigeria-une-attaque-armee-contre-une-communaute-chretienne-fait-52-morts-dans-l-etat-du-plateau_186124.html,,Nigeria : Une attaque armée contre une communauté chrétienne fait 52 morts dans l  Etat du Plateau,20250416T130000Z,https://www.koaci.com/assets/news/thumbnails/600/2025/04/photo_1744799395.jpg,koaci.com,French,Ivory Coast,SECURITY_SERVICES,Security and law enforcement services,French
"https://www.businessnews.com.tn/Deux-jours-sans-voitures-sur-l%92avenue-Habib-Bourguiba,520,146562,3",,Deux jours sans voitures sur lavenue Habib Bourguiba,20250401T020000Z,https://www.businessnews.com.tn/images/album/IMGBN114223voit.jpg,businessnews.com.tn,French,Tunisia,SECURITY_SERVICES,Security and law enforcement services,French
https://www.nna-leb.gov.lb/fr/divers/775394/hajjar-inspecte-la-salle-centrale-des-op%c3%a9rations-p,,الوكالة الوطنية للإعلام - Hajjar inspecte la salle centrale des opérations pour les élections municipales,20250426T091500Z,https://www.nna-leb.gov.lb/media/cache/admin_thumb/uploads/images/1cb364f97ad889b917b4eaa65ad814ca.png,nna-leb.gov.lb,French,Lebanon,SECURITY_SERVICES,Security and law enforcement services,French
https://www.nna-leb.gov.lb/fr/%d9%85%d8%aa%d9%81%d8%b1%d9%82%d8%a7%d8%aa/775394/hajjar-inspecte-la-salle-centrale-des-op%c3%a9rations-p,,الوكالة الوطنية للإعلام - Hajjar inspecte la salle centrale des opérations pour les élections municipales,20250426T091500Z,https://www.nna-leb.gov.lb/media/cache/admin_thumb/uploads/images/1cb364f97ad889b917b4eaa65ad814ca.png,nna-leb.gov.lb,French,Lebanon,SECURITY_SERVICES,Security and law enforcement services,French
https://toulon.maville.com/actu/actudet_-asse-ol.-l-auteur-presume-du-jet-de-projectile-qui-a-interrompu-le-derby-en-garde-a-vue-_fil-6774137_actu.Htm,,ASSE - OL . Lauteur présumé du jet de projectile qui a interrompu le derby en garde à vue,20250421T104500Z,https://maville.com/photosmvi/2025/04/21/P35182570D6774137G_crop_1080-600_.jpg,toulon.maville.com,French,France,SECURITY_SERVICES,Security and law enforcement services,French
https://hyeres.maville.com/actu/actudet_-asse-ol.-l-auteur-presume-du-jet-de-projectile-qui-a-interrompu-le-derby-en-garde-a-vue-_fil-6774137_actu.Htm,,ASSE - OL . Lauteur présumé du jet de projectile qui a interrompu le derby en garde à vue,20250421T123000Z,https://maville.com/photosmvi/2025/04/21/P35182570D6774137G_crop_1080-600_.jpg,hyeres.maville.com,French,France,SECURITY_SERVICES,Security and law enforcement services,French
https://www.lalibre.be/dernieres-depeches/2025/03/30/invasion-de-lukraine-la-russie-revendique-la-capture-dun-village-aux-portes-de-la-region-de-dnipropetrovsk-X6MJXCID5VBWLM42BRW6VEJ2JM/,,Invasion de lUkraine - La Russie revendique la capture dun village aux portes de la région de Dnipropetrovsk,20250330T113000Z,https://www.lalibre.be/resizer/v2/ODKLKJBY5JHBZGGEX5JO7VIOG4.png?auth=99992c0249edfd0f59ed7caae24c0f483574cfcaa1b362acfcac9717c690a301&quality=85&smart=true,lalibre.be,French,Belgium,SECURITY_SERVICES,Security and law enforcement services,French
https://www.linternaute.com/actualite/politique/7683725-des-soldats-chinois-dans-l-armee-russe-en-ukraine-l-etrange-reponse-de-moscou/,,Des soldats chinois dans larmée russe en Ukraine  ? L  étrange réponse de Moscou,20250409T111500Z,https://img-4.linternaute.com/8_cQmb6VI6Wymp1i7L6J6r8XQUM=/1500x/smart/74e3f3673fb648378d009379df10bc96/ccmcms-linternaute/73675946.jpg,linternaute.com,French,France,SECURITY_SERVICES,Security and law enforcement services,French
https://www.larepubliquedespyrenees.fr:443/societe/afp/un-general-russe-tue-dans-l-explosion-d-une-voiture-moscou-accuse-l-ukraine-24176391.php,,"Un général russe tué dans lexplosion dune voiture , Moscou accuse lUkraine",20250425T173000Z,https://media.larepubliquedespyrenees.fr/24176391/1200x-1/pp-680bb457a43f5e3509237375-ph0.jpg,larepubliquedespyrenees.fr,French,France,SECURITY_SERVICES,Security and law enforcement services,French
https://www.journaldemontreal.com/2025/03/31/ou-vont-vos-impots--de-gros-camions-ford-qui-coutent-cher,,Où vont vos impôts : de gros camions Ford qui coûtent cher,20250331T043000Z,https://m1.quebecormedia.com/emp/emp/Autoshow8_copie43b40230-3186-4475-a34d-b27ac51b02b4_ORIGINAL.jpg?impolicy=crop-resize&x=0&y=140,journaldemontreal.com,French,Canada,SECURITY_SERVICES,Security and law enforcement services,French
https://www.journaldequebec.com/2025/03/31/ou-vont-vos-impots--de-gros-camions-ford-qui-coutent-cher,,Où vont vos impôts : de gros camions Ford qui coûtent cher,20250331T051500Z,https://m1.quebecormedia.com/emp/emp/Autoshow8_copie43b40230-3186-4475-a34d-b27ac51b02b4_ORIGINAL.jpg?impolicy=crop-resize&x=0&y=140,journaldequebec.com,French,Canada,SECURITY_SERVICES,Security and law enforcement services,French
https://www.rtl.fr/actu/international/ce-soldat-ukrainien-transmettait-les-informations-necessaires-pour-que-moscou-ajuste-ses-frappes-7900492781,,Ce soldat ukrainien transmettait les informations nécessaires pour que Moscou ajuste ses frappes,20250409T181500Z,https://images.rtl.fr/~c/2000v2000/rtl/www/1540352-guerre-en-ukraine-un-drapeau-ukrainien-flotte-dans-le-ciel-illustration.jpg,rtl.fr,French,France,SECURITY_SERVICES,Security and law enforcement services,French
https://fr.allafrica.com/stories/202504080510.html,,Tunisie : Mahdia - Saisie et destruction de 13 tonnes de viandes blanches congelées depuis la période du coronavirus,20250408T191500Z,,fr.allafrica.com,French,Nigeria,SECURITY_SERVICES,Security and law enforcement services,French
https://draguignan.maville.com/actu/actudet_-national.-un-arbitre-blesse-a-la-tete-lors-du-derby-qrm-rouen-un-homme-en-garde-a-vue-_fil-6772410_actu.Htm,,"National . Un arbitre blessé à la tête lors du derby QRM - Rouen , un homme en garde à vue",20250419T173000Z,https://maville.com/photosmvi/2025/04/19/P35179936D6772410G_crop_1080-600_.jpg,draguignan.maville.com,French,France,SECURITY_SERVICES,Security and law enforcement services,French
https://laseyne.maville.com/actu/actudet_-national.-un-arbitre-blesse-a-la-tete-lors-du-derby-qrm-rouen-un-homme-en-garde-a-vue-_fil-6772410_actu.Htm,,"National . Un arbitre blessé à la tête lors du derby QRM - Rouen , un homme en garde à vue",20250419T193000Z,https://maville.com/photosmvi/2025/04/19/P35179936D6772410G_crop_1080-600_.jpg,laseyne.maville.com,French,France,SECURITY_SERVICES,Security and law enforcement services,French
https://www.mediacongo.net/article-actualite-149992_russie_un_general_russe_tue_dans_l_explosion_d_une_voiture_pres_de_moscou_le_kremlin_accuse_l_ukraine.html,,"Russie : un général russe tué dans lexplosion dune voiture près de Moscou , le Kremlin accuse lUkraine",20250425T191500Z,https://www.mediacongo.net/cache/russie_explosion_voiture_250_png_711_473_1.png,mediacongo.net,French,Democratic Republic of the Congo,SECURITY_SERVICES,Security and law enforcement services,French
https://senego.com/vol-de-betail-dans-le-saloum-280-tetes-disparues-au-premier-trimestre-2025_1830347.html,,Vol de bétail dans le Saloum : 280 têtes disparues au premier trimestre 2025,20250425T121500Z,https://senego.com/wp-content/uploads/2025/04/Vol-de-betail-dans-le-Saloum-280-tetes-disparues-au-premier-trimestre-2025_thumbnail.jpg,senego.com,French,Senegal,SECURITY_SERVICES,Security and law enforcement services,French
https://www.laprovence.com/article/france-monde/2169383727937715/guerre-en-ukraine-des-bangladais-partis-en-russie-pour-un-emploi-disent-avoir-ete-enroles-dans-larmee,,Guerre en Ukraine : des Bangladais partis en Russie pour un emploi disent avoir été enrôlés dans larmée,20250411T100000Z,https://pictures.laprovence.com/cdn-cgi/image/media/melody/2025/04/11/un-soldat-russe-en-patrouille-dans-un-quartier-detruit-de-severodonetsk-dans-l-est-de-l-ukraine-le-1-1744352561_5fb281a8a847653c281a8a84717c28v_.jpg,laprovence.com,French,France,SECURITY_SERVICES,Security and law enforcement services,French
https://www.rtl.be/actu/monde/international/je-veux-juste-rentrer-chez-moi-deux-jeunes-belges-risquent-une-enorme-peine-au/2025-04-15/article/746372,,  Je veux juste rentrer chez moi : deux jeunes Belges risquent une énorme peine au Kenya pour un trafic de 5000 fourmis,20250415T191500Z,https://rtleng.rosselcdn.net/sites/default/files/dpistyles_v2/ena_16_9_extra_big/2025/04/15/node_746372/4135980/public/2025/04/15/fourmi.jpg?itok=zJ6IAUOq1744733208,rtl.be,French,Belgium,SECURITY_SERVICES,Security and law enforcement services,French
https://fr.allafrica.com/stories/202504230552.html,,Congo - Kinshasa : Des députés provinciaux lancent un cri dalarme face à la résurgence de linsécurité à Kindu,20250423T200000Z,,fr.allafrica.com,French,Nigeria,SECURITY_SERVICES,Security and law enforcement services,French
https://fr.allafrica.com/stories/202504220558.html,,Congo - Kinshasa : Tshopo - Lancement de lidentification dengins motorisés,20250422T180000Z,,fr.allafrica.com,French,Nigeria,SECURITY_SERVICES,Security and law enforcement services,French
https://www.tsa-algerie.com/agent-consulaire-algerien-arrete-en-france-de-nouveaux-details-devoiles/,https://www.tsa-algerie.com/agent-consulaire-algerien-arrete-en-france-de-nouveaux-details-devoiles/amp,Arrestation dun agent consulaire algérien en France : Alger livre de nouveaux détails,20250415T231500Z,https://www.tsa-algerie.com/wp-content/uploads/2025/01/IMG_1108.jpeg,tsa-algerie.com,French,Algeria,SECURITY_SERVICES,Security and law enforcement services,French
http://www.lemauricien.com/actualites/international/burkina-faso-une-liste-de-32-personnes-recherchees-dont-des-journalistes-et-activistes-publiee-par-la-junte-au-pouvoir/670707/,,"Burkina Faso : une liste de 32 personnes recherchées , dont des journalistes et activistes , publiée par la junte au pouvoir",20250403T053000Z,https://lmwebstatic.s3.ap-southeast-1.amazonaws.com/wp-content/uploads/2025/04/AP23306508046802.webp,lemauricien.com,French,Mauritius,SECURITY_SERVICES,Security and law enforcement services,French
https://africanmanager.com/saisie-et-destruction-de-plus-de-13-tonnes-de-viande-de-volaille-congeles-impropres-a-la-consommation-a-mahdia/,,Saisie et destruction de plus de 13 tonnes de viande de volaille congelés impropres à la consommation à Mahdia,20250408T140000Z,https://cdnfr.africanmanager.com/wp-content/uploads/2024/06/poulet.jpg,africanmanager.com,French,Tunisia,SECURITY_SERVICES,Security and law enforcement services,French
https://www.yabiladi.com/articles/details/162621/algerie-arrestation-marocains-apres-accusations.html,,Algérie : Arrestation de Marocains après les accusations de Tebboune sur le trafic de drogue,20250328T030000Z,https://static.yabiladi.com/files/articles/7c7e221550dcf7a9a05c70c1d717923520250328021751.png,yabiladi.com,French,Morocco,SECURITY_SERVICES,Security and law enforcement services,French
https://www.letelegramme.fr/monde/israel-palestine/israel-le-chef-limoge-du-shin-bet-met-en-cause-netanyahu-qui-denonce-des-affirmations-mensongeres-6803109.php,,"Israël : le chef limogé du Shin Bet met en cause Netanyahu , qui dénonce  des affirmations mensongères ",20250421T204500Z,https://media.letelegramme.fr/api/v1/images/view/68069b549592639a000ee070/web_golden_xxl/68069b549592639a000ee070.1,letelegramme.fr,French,France,SECURITY_SERVICES,Security and law enforcement services,French
https://www.radiookapi.net/2025/04/22/actualite/societe/tshopo-lancement-de-lidentification-dengins-motorises,,Tshopo : lancement de lidentification dengins motorisés,20250422T161500Z,https://lh3.googleusercontent.com/-VyJwj_q815I/UG2wGTxSY2I/AAAAAAABAh8/I1-5zEx_6M4jrq4MqoVrZAmu6hLKce4igCHMYBhgL/IMG_3244.JPG,radiookapi.net,French,Democratic Republic of the Congo,SECURITY_SERVICES,Security and law enforcement services,French
https://fr.allafrica.com/stories/202503290094.html,,Congo - Kinshasa : Des morts et des blessés dans des combats opposant la milice Zaïre aux éléments de CODECO à Fataki,20250329T134500Z,,fr.allafrica.com,French,Nigeria,SECURITY_SERVICES,Security and law enforcement services,French
https://fr.allafrica.com/stories/202504010609.html,,Congo - Kinshasa : Les armées congolaise et ougandaise sensibilisent au désarmement des groupes armés à Djugu,20250401T184500Z,,fr.allafrica.com,French,Nigeria,SECURITY_SERVICES,Security and law enforcement services,French
https://www.lemonde.fr/international/article/2025/04/25/en-jordanie-l-interdiction-des-freres-musulmans-accuses-de-menees-subversives_6599971_3210.html,,"En Jordanie , linterdiction des Frères musulmans , accusés de menées subversives",20250425T100000Z,https://img.lemde.fr/2025/04/24/107/0/6157/4104/1440/960/60/0/455f6ed_sirius-fs-upload-1-blpe28qqpmv4-1745507792971-678150.jpg,lemonde.fr,French,France,SECURITY_SERVICES,Security and law enforcement services,French
https://www.radiookapi.net/2025/03/29/actualite/securite/des-morts-et-des-blesses-dans-des-combats-opposant-la-milice-zaire-aux,,Des morts et des blessés dans des combats opposant la milice Zaïre aux éléments de CODECO à Fataki,20250329T140000Z,https://photos.radiookapi.net/picture/20240209150045241402_IMG-20240208-WA0059.jpg,radiookapi.net,French,Democratic Republic of the Congo,SECURITY_SERVICES,Security and law enforcement services,French
https://www.liberation.fr/international/europe/russie-un-general-tue-dans-lexplosion-dune-voiture-pres-de-moscou-20250425_UJDTQD7D3ZFI3KRK2Z2VLM26RA/,,"En Russie , un général tué dans lexplosion dune voiture près de Moscou – Libération",20250425T160000Z,https://www.liberation.fr/resizer/8-slVhaqsaPrTJ823sw2OUkFWg8=/1200x630/filters:format(jpg):quality(70)/cloudfront-eu-central-1.images.arcpublishing.com/liberation/IL3BYWJQFNHWNDYZ6H3C2CKENA.jpg,liberation.fr,French,France,SECURITY_SERVICES,Security and law enforcement services,French
https://www.francetvinfo.fr/monde/palestine/reconnaissance-de-la-palestine-de-jacques-chirac-a-emmanuel-macron-comment-la-position-de-la-france-a-evolue_7182063.html,,"Reconnaissance de la Palestine  : de Jacques Chirac à Emmanuel Macron , comment la position de la France a évolué",20250410T210000Z,https://www.francetvinfo.fr/pictures/xK83wqDUV5z3JzJCqG8zGBJCcl4/0x104:3983x2343/1500x843/2025/04/10/epaliveseven883706-67f7fd7138a50383539812.jpg,francetvinfo.fr,French,France,SECURITY_SERVICES,Security and law enforcement services,French
https://www.lemonde.fr/international/article/2025/04/15/en-israel-la-contestation-et-la-fatigue-de-reservistes-face-a-la-guerre-a-gaza_6596305_3210.html,,"En Israël , la contestation et la  fatigue  de réservistes face à la guerre à Gaza",20250415T140000Z,https://img.lemde.fr/2025/04/15/0/0/7941/5294/1440/960/60/0/27bb80f_sirius-fs-upload-1-bqkxqgu9zxc1-1744699412378-ap25012587132654.jpg,lemonde.fr,French,France,SECURITY_SERVICES,Security and law enforcement services,French
https://www.lemonde.fr/pixels/article/2025/04/15/que-peut-faire-la-police-aux-frontieres-avec-votre-smartphone-quand-vous-voyagez-aux-etats-unis_6596327_4408996.html,,Que peut faire la police aux frontières avec votre smartphone quand vous voyagez aux Etats - Unis  ? ,20250415T171500Z,https://img.lemde.fr/2018/01/05/17/0/3000/2000/1440/960/60/0/a235528_558894dc50344e8fbb7b85ad6a8de24d-558894dc50344e8fbb7b85ad6a8de24d-0.jpg,lemonde.fr,French,France,SECURITY_SERVICES,Security and law enforcement services,French
https://www.20minutes.fr/monde/4148558-20250414-ikea-incendie-lituanie-attentat-commis-ado-ukrainien-embauche-moscou,,IKEA incendié en Lituanie  : Lattentat aurait été commis par un ado ukrainien embauché par Moscou,20250414T140000Z,https://img.20mn.fr/KJdwVfa2QIKBIu0UTe1dHik/1444x920_illustration-d-un-magasin-du-groupe-suedois-ikea-lodifranck-ikea031-credit-lodi-franck-sipa-1710201238,20minutes.fr,French,France,SECURITY_SERVICES,Security and law enforcement services,French
https://www.jeuneafrique.com/1680597/politique/en-rdc-joseph-kabila-voit-plusieurs-de-ses-proprietes-perquisitionnees/,,"En RDC , Joseph Kabila voit plusieurs de ses propriétés perquisitionnées",20250418T103000Z,"https://prod.cdn-medias.jeuneafrique.com/cdn-cgi/image/q=auto,f=auto,metadata=none,width=1280,height=720,fit=cover/https://prod.cdn-medias.jeuneafrique.com/medias/2025/04/18/jad20250418-ass-rdc-justice-kabila.jpg",jeuneafrique.com,French,France,SECURITY_SERVICES,Security and law enforcement services,French
https://www.lematin.ch/story/russie-la-ballerine-emprisonnee-pour-trahison-a-ete-liberee-103322056,,Russie  : Ksenia Karelina libérée dans un échange de prisonniers,20250410T140000Z,https://image.lematin.ch/2025/04/10/e514a10a-b877-4e86-8f11-2016129dbc12.jpeg?auto=format%2Ccompress%2Cenhance&fit=crop&rect=0%2C0%2C4000%2C2639&fp-x=0.5745&fp-y=0.3455854490337249&crop=focalpoint&s=370396537d6038b188871b4f96aaea01,lematin.ch,French,Switzerland,SECURITY_SERVICES,Security and law enforcement services,French
https://fr.allafrica.com/stories/202503310216.html,,Tunisie : Deux jours sans voitures à lavenue Bourguiba - La capitale se prépare à un week - end sans pollution,20250331T110000Z,,fr.allafrica.com,French,Nigeria,SECURITY_SERVICES,Security and law enforcement services,French
https://www.estrepublicain.fr/politique/2025/04/05/le-gouvernement-meloni-emprunte-un-nouveau-virage-securitaire,,Italie . Le gouvernement Meloni emprunte un nouveau virage sécuritaire,20250405T200000Z,https://cdn-s-www.estrepublicain.fr/images/8A26B2B7-47E6-49B3-85D3-5EB4B8629A8E/FB1200/photo-1743881749.jpg,estrepublicain.fr,French,France,SECURITY_SERVICES,Security and law enforcement services,French
https://www.journaldemontreal.com/2025/04/25/un-general-russe-tue-dans-lexplosion-dune-voiture-pres-de-moscou,,Un général russe tué dans lexplosion dune voiture près de Moscou,20250425T120000Z,https://m1.quebecormedia.com/emp/emp/b1a96110-fe93-11ef-b508-fdcd8df897ed_ORIGINAL.jpg?impolicy=crop-resize&x=0&y=62,journaldemontreal.com,French,Canada,SECURITY_SERVICES,Security and law enforcement services,French
https://www.lejsl.com/politique/2025/04/05/le-gouvernement-meloni-emprunte-un-nouveau-virage-securitaire,,Italie . Le gouvernement Meloni emprunte un nouveau virage sécuritaire,20250405T200000Z,https://cdn-s-www.lejsl.com/images/8A26B2B7-47E6-49B3-85D3-5EB4B8629A8E/FB1200/photo-1743881749.jpg,lejsl.com,French,France,SECURITY_SERVICES,Security and law enforcement services,French
https://www.republicain-lorrain.fr/politique/2025/04/05/le-gouvernement-meloni-emprunte-un-nouveau-virage-securitaire,,Italie . Le gouvernement Meloni emprunte un nouveau virage sécuritaire,20250405T201500Z,https://cdn-s-www.republicain-lorrain.fr/images/8A26B2B7-47E6-49B3-85D3-5EB4B8629A8E/FB1200/photo-1743881749.jpg,republicain-lorrain.fr,French,France,SECURITY_SERVICES,Security and law enforcement services,French
https://www.estrepublicain.fr/societe/2025/04/05/securite-estivale-une-reunion-publique-pour-preparer-la-saison,,Bionville . Sécurité estivale  : une réunion publique pour préparer la saison,20250405T161500Z,https://cdn-s-www.estrepublicain.fr/images/B8D7FB4F-2BED-48B3-8423-EEA829E0B36B/FB1200/photo-1743868311.jpg,estrepublicain.fr,French,France,SECURITY_SERVICES,Security and law enforcement services,French
https://guineenews.org/2025/04/08/urgent-kankan-bangaly-traore-lassassin-dadama-konate-condamne-a-perpetuite/,,"Urgent / Kankan : Bangaly Traoré , lassassin dAdama Konaté condamné à perpétuité – Guinéenews©",20250409T000000Z,https://guineenews.org/wp-content/uploads/2025/04/Bangaly-Traore-a-la-barre-1024x683.jpg,guineenews.org,French,Guinea,SECURITY_SERVICES,Security and law enforcement services,French
https://www.journaldequebec.com/2025/04/25/un-general-russe-tue-dans-lexplosion-dune-voiture-pres-de-moscou,,Un général russe tué dans lexplosion dune voiture près de Moscou,20250425T133000Z,https://m1.quebecormedia.com/emp/emp/reuters_moscouab0d4e16-7c6e-4640-9f7e-a907312948e1_ORIGINAL.jpg?impolicy=crop-resize&x=0&y=0,journaldequebec.com,French,Canada,SECURITY_SERVICES,Security and law enforcement services,French
https://fr.allafrica.com/stories/202503290145.html,,Congo - Brazzaville : Haut - Katanga - La Snél alerte sur un vol de 1000 m de câble conducteur en cuir à Kipushi,20250329T211500Z,,fr.allafrica.com,French,Nigeria,SECURITY_SERVICES,Security and law enforcement services,French
https://minusca.unmissions.org/une-nouvelle-brigade-de-gendarmerie-%C3%A0-ndjoukou-pour-renforcer-la-s%C3%A9curit%C3%A9-des-populations,,Une nouvelle brigade de gendarmerie à Ndjoukou pour renforcer la sécurité des populations,20250417T211500Z,https://minusca.unmissions.org/sites/default/files/field/image/img-20250412-wa0000.jpg,minusca.unmissions.org,French,South Sudan,SECURITY_SERVICES,Security and law enforcement services,French
https://www.dhnet.be/actu/belgique/2025/04/12/agressions-dans-les-gares-et-trains-de-la-sncb-les-agents-securail-pourront-disposer-de-bodycams-sur-les-lignes-les-plus-exposees-aux-violences-BPMEIWV6LBEI7HYGM2MKEKJ75E/,,Agressions dans les gares et trains de la SNCB  : les agents Securail pourront disposer de bodycams sur les lignes les plus exposées aux violences,20250412T093000Z,"https://cloudfront-eu-central-1.images.arcpublishing.com/ipmgroup/DZNGDE46VVGXRGHD3TEI5RB3GM.png:100:0,559",dhnet.be,French,Belgium,SECURITY_SERVICES,Security and law enforcement services,French
https://www.valeursactuelles.com/monde/guerre-en-ukraine-des-bangladais-affirment-avoir-ete-enroles-dans-larmee-par-la-russie,,Guerre en Ukraine : des Bangladais affirment avoir été enrôlés dans larmée par la Russie,20250411T223000Z,https://www.valeursactuelles.com/assets/uploads/2022/03/guerre-ukraine.jpg,valeursactuelles.com,French,France,SECURITY_SERVICES,Security and law enforcement services,French
https://www.lalibre.be/international/afrique/2025/04/04/djihadistes-et-journalistes-sur-une-liste-de-criminels-recherches-EJ2PA7QZ75EJ5NAV6STF7DMQ7I/,,Djihadistes et journalistes sur une liste de criminels recherchés,20250404T173000Z,"https://cloudfront-eu-central-1.images.arcpublishing.com/ipmgroup/3R4IDPARFVEO3L2LC5OCCXQ5RM.png:100:0,557",lalibre.be,French,Belgium,SECURITY_SERVICES,Security and law enforcement services,French
https://lanouvelletribune.info/2025/04/senegal-la-gendarmerie-met-fin-aux-activites-dun-gang/,,Sénégal : la gendarmerie met fin aux activités dun gang,20250421T134500Z,https://lanouvelletribune.info/wp-content/uploads/2021/02/gendarmerie-senegal.jpg,lanouvelletribune.info,French,Benin,SECURITY_SERVICES,Security and law enforcement services,French
https://www.mediacongo.net/article-actualite-149406_les_rwandais_et_ougandais_etaient_deja_au_mlc_le_mixage_dans_l_armee_n_est_pas_l_oeuvre_de_joseph_kabila_emmanuel_shadary.html,," « Les rwandais et ougandais étaient déjà au MLC , le mixage dans larmée nest pas loeuvre de Joseph Kabila » ( Emmanuel Shadary ) ",20250408T160000Z,https://www.mediacongo.net/cache/ramazani_shadary_sec_gen_du_pprd_08_avril_2025_jpg_711_473_1.jpeg,mediacongo.net,French,Democratic Republic of the Congo,SECURITY_SERVICES,Security and law enforcement services,French
https://malijet.com/actualite-sur-afrique/301411-rdc-perquisitions-dans-des-proprietes-de-joseph-kabila.html,,Malijet - RDC : perquisitions dans des propriétés de Joseph Kabila,20250418T000000Z,https://malijet.com/files/68018e74e25d0_1024x575.jpg,malijet.com,French,Mali,SECURITY_SERVICES,Security and law enforcement services,French
http://malijet.com/actualite-sur-afrique/301411-rdc-perquisitions-dans-des-proprietes-de-joseph-kabila.html,,Malijet - RDC : perquisitions dans des propriétés de Joseph Kabila,20250418T000000Z,https://malijet.com/files/68018e74e25d0_1024x575.jpg,malijet.com,French,Mali,SECURITY_SERVICES,Security and law enforcement services,French
https://www.liberation.fr/international/europe/guerre-en-ukraine-larmee-russe-revendique-de-nouvelles-avancees-et-approche-desormais-de-la-region-de-dnipropetrovsk-20250330_X7RMXLSVFVBUNJB4JS635TORKM/,,Guerre en Ukraine : larmée russe revendique de nouvelles avancées et approche désormais de la région de Dnipropetrovsk – Libération,20250330T143000Z,https://www.liberation.fr/resizer/5JFAcodCRwYxBrhzN2EbQgfU36k=/1200x630/filters:format(jpg):quality(70):focal(959x432:969x442)/cloudfront-eu-central-1.images.arcpublishing.com/liberation/WPAEGUVRLRFUHBVO4RPELFZB5M.jpg,liberation.fr,French,France,SECURITY_SERVICES,Security and law enforcement services,French
https://fr.allafrica.com/stories/202504200065.html,,Soudan : Le Comité national populaire de soutien au peuple dEl Fasher organise une marche de protestation devant les bâtiments des Nations Unies,20250420T213000Z,,fr.allafrica.com,French,Nigeria,SECURITY_SERVICES,Security and law enforcement services,French
https://www.maliweb.net/international/rdc-perquisitions-dans-des-proprietes-de-joseph-kabila-3103283.html,,RDC : perquisitions dans des propriétés de Joseph Kabila,20250417T201500Z,https://www.maliweb.net/wp-content/news/images/2025/04/JOSEPH-KABILA.jpg,maliweb.net,French,Mali,SECURITY_SERVICES,Security and law enforcement services,French
https://www.radiookapi.net/journal-journal-francais/journal-matin-280,,Journal Matin,20250329T094500Z,,radiookapi.net,French,Democratic Republic of the Congo,SECURITY_SERVICES,Security and law enforcement services,French
https://www.lemonde.fr/afrique/article/2025/04/18/en-rdc-perquisitions-dans-des-proprietes-de-l-ancien-president-joseph-kabila_6597360_3212.html,,"En RDC , perquisitions dans des propriétés de lancien président Joseph Kabila",20250418T091500Z,https://img.lemde.fr/2025/04/09/44/0/5500/3666/1440/960/60/0/361b71d_ftp-import-images-1-hlldmoknerba-2025-04-09t092559z-144063451-rc2sfdalrrsh-rtrmadp-3-congo-security-politics.JPG,lemonde.fr,French,France,SECURITY_SERVICES,Security and law enforcement services,French
https://www.aps.dz:443/algerie/184791-anp-reddition-d-un-terroriste-et-arrestation-de-5-elements-de-soutien-aux-groupes-terroristes-en-une-semaine,,Reddition dun terroriste et arrestation de 5 éléments de soutien aux groupes terroristes en une semaine,20250402T170000Z,https://www.aps.dz/media/k2/items/cache/aa4857080aae146e138cba094a0dabbb_M.jpg,aps.dz,French,Algeria,SECURITY_SERVICES,Security and law enforcement services,French
https://www.francetvinfo.fr/replay-radio/d-un-monde-a-l-autre/le-parlement-europeen-face-aux-affaires-financieres-et-aux-ingerences-etrangeres_7132098.html,,Le Parlement européen face aux affaires financières et aux ingérences étrangères,20250330T090000Z,https://www.francetvinfo.fr/pictures/Mky6geT8FPQoCR0e8KqnpQ26wbU/0x0:2048x1152/1500x843/2025/01/25/le-parlement-europeen-a-bruxelles-1-6794e9c71406a607040362.jpg,francetvinfo.fr,French,France,SECURITY_SERVICES,Security and law enforcement services,French
https://www.rfi.fr/fr/podcasts/un-monde-de-tech/20250407-r%C3%A9publique-tch%C3%A8que-un-investissement-chinois-bloqu%C3%A9-apr%C3%A8s-une-alerte-des-services-de-s%C3%A9curit%C3%A9,,République Tchèque : un investissement chinois bloqué après une alerte des services de sécurité,20250407T234500Z,https://s.rfi.fr/media/display/cc06d14e-13e9-11f0-804f-005056a90284/w:1280/p:16x9/AP23066685804351.jpg,rfi.fr,French,France,SECURITY_SERVICES,Security and law enforcement services,French
https://www.aps.dz/algerie/185036-anp-reddition-d-un-terroriste-et-arrestation-de-9-elements-de-soutien-aux-groupes-terroristes-en-une-semaine,,ANP : reddition dun terroriste et arrestation de 9 éléments de soutien aux groupes terroristes en une semaine,20250409T171500Z,https://www.aps.dz/media/k2/items/cache/b85a2fb4e98056edf7fd2dad506ab92e_M.jpg,aps.dz,French,Algeria,SECURITY_SERVICES,Security and law enforcement services,French
https://monusco.unmissions.org/goma-la-monusco-r%C3%A9habilite-le-boulevard-karisimbi,,Goma : la MONUSCO réhabilite le boulevard Karisimbi,20250410T224500Z,http://monusco.unmissions.org/sites/default/files/field/image/goma_refection_karisimbi_01.jpg,monusco.unmissions.org,French,South Sudan,SECURITY_SERVICES,Security and law enforcement services,French
https://www.lavenir.net/regions/sambre-meuse/2025/04/20/plusieurs-dizaines-de-cyclistes-blesses-dans-une-chute-massive-a-la-course-uci-gran-fondo-de-leau-dheure-ce-dimanche-4FMCEVHTQ5FRLBZQFXFI7Q4ZZI/,,Plusieurs dizaines de cyclistes blessés dans une chute massive à la course UCI Gran Fondo de lEau dHeure ce dimanche,20250420T121500Z,"https://cloudfront-eu-central-1.images.arcpublishing.com/ipmgroup/UVYY255VT5BDBHOGCTGBCGI364.png:100:0,558",lavenir.net,French,Belgium,SECURITY_SERVICES,Security and law enforcement services,French
