url,url_mobile,title,seendate,socialimage,domain,language,sourcecountry,theme_id,theme_description,target_language,content_hash,keyword
https://lenta.ru/news/2025/04/26/na-ukraine-proizoshel-massovyy-sboy-bankovskoy-sistemy/,https://lenta.ru/news/2025/04/26/na-ukraine-proizoshel-massovyy-sboy-bankovskoy-sistemy/amp/,На Украине произошел массовый сбой банковской системы,20250426T094500Z,,lenta.ru,Russian,Russia,,,Russian,f7554db481bfe259a97c5f7f7b8bb700,banking
https://vz.ru/news/2025/4/26/1328577.html,https://vz.ru/amp/news/2025/4/26/1328577.html,ВЗГЛЯД / На Украине назвали причину сбоя в работе банковской системы :: Новости дня,20250426T084500Z,https://img.vz.ru/upimg/soc/soc_1328577.jpg,vz.ru,Russian,Russia,,,Russian,ccc9fb804d8113f4230dab070ae4ae6b,banking
https://govoritmoskva.ru/news/450140/,,Экономист объяснил повышение лимита возмещения по безотзывным вкладам,20250425T153000Z,https://media.govoritmoskva.ru/news/2025/04/25/RIA_6244364.LR.jpg,govoritmoskva.ru,Russian,Russia,,,Russian,1fe5c27224d3a6993692e794bf0723d9,banking
https://www.interfax.ru/pressreleases/1021846,,"ПСБ организует выдачу банковских карт российским пенсионерам , проживающим в Южной Осетии",20250421T104500Z,https://www.interfax.ru/aspimg/1021846.png,interfax.ru,Russian,Russia,,,Russian,4fac67fe5b746e20de4ae32aa09ec187,banking
https://www.cnews.ru/news/line/2025-04-25_t-bank_zapustil_servis,, « Т - Банк » запустил сервис для отображения баланса мобильного телефона в банковском приложении,20250425T080000Z,,cnews.ru,Russian,Russia,,,Russian,168c42eee5f9e0fb9aa9f3b3401be178,banking
https://www.asahi.com/articles/AST4R3CMGT4RPTIL00WM.html,, 「 警察官がたり 」 がオレオレ詐欺の8割以上 生成AIで再現し啓発 [ 大阪府 ]： 朝日新聞,20250424T071500Z,https://imgopt.asahi.com/ogp/AS20250423003953_comm.jpg,asahi.com,Japanese,Japan,,,Japanese,7e63094e68cec35ee7444790dc5c97cf,banking
https://www.sankei.com/article/20250424-6P3SH3Q6RJOOVK6BBIVMU6P4TE/,,長期休暇に高まるサイバー攻撃リスク … 年末年始にはシステム障害も 警察など注意呼び掛け,20250424T074500Z,https://www.sankei.com/resizer/v2/XPEYGC4OGFNLRJCQNAOHTKPZZM.jpg?auth=46868238fd2f30b0a6c0fd3e9683ce4c33e6c6231576a1a4c327ad85d6996064&quality=50&smart=true,sankei.com,Japanese,Japan,,,Japanese,148841fd21b9f540e768b756f9280e72,banking
https://cloud.watch.impress.co.jp/docs/news/2009610.html,,日立システムズ 、 フィッシング詐欺対策 「 PhishWallプレミアム 」 で偽のサポート窓口へ誘導するサポート詐欺に対応,20250424T044500Z,https://cloud.watch.impress.co.jp/img/clw/list/2009/610/hisys.jpg,cloud.watch.impress.co.jp,Japanese,Japan,,,Japanese,06e4548be2eeafe47db80fa538eca5b0,banking
http://www3.nhk.or.jp/news/html/20250422/k10014785751000.html,,  特殊詐欺など被害深刻  犯罪対策閣僚会議で新対策決定 政府 | NHK,20250422T051500Z,https://www3.nhk.or.jp/news/html/20250422/K10014785751_2504221035_0422105651_01_02.jpg,nhk.or.jp,Japanese,Japan,,,Japanese,4a5ecf6b3335ebc66654b93dea5efc96,banking
https://japan.cnet.com/release/31085929/,,"リアルタイム決済市場は2033年までに1 , 294億ドルに急拡大 、 次世代フィンテック技術革新 、 API統合 、 デジタルバンキングエコシステムにおける即時資金移動の需要拡大が追い風",20250428T041500Z,,japan.cnet.com,Japanese,Japan,,,Japanese,961b8ca1d649fd53cb2a785fe6c4468e,banking
https://ascii.jp/elem/000/004/265/4265409/,,ASCII . jp ： ネット上のセキュリティ 、 どこから気をつける ？ まずはここから始めよう,20250425T030000Z,https://ascii.jp/img/2025/04/24/4198298/xl/5bad514a3320b021.png,ascii.jp,Japanese,Japan,,,Japanese,ab264662daf4772322d0b2de8871f29b,banking
https://www.nikkei.com/article/DGXZQOUB219ZF0R20C25A4000000/,,個人投資家 、 利上げ基調で銀行に期待 恩恵の差見極めを,20250422T210000Z,https://article-image-ix.nikkei.com/https%3A%2F%2Fimgix-proxy.n8s.jp%2FDSXZQO6295430021042025000000-1.jpg?auto=format&bg=FFFF&crop=focalpoint&fit=crop&fp-x=0.88&fp-y=0.89&s=a728dd4da62509a414b09381c33f8858,nikkei.com,Japanese,Japan,,,Japanese,0a04a2b897709452a4a262fb836aac24,banking
https://japan.cnet.com/release/31085173/,,野村證券とzero to one 、 Web3人材の育成に向けたオンライン教材を共同開発 Web3時代のAI戦略セミナーを開催,20250424T023000Z,,japan.cnet.com,Japanese,Japan,,,Japanese,22e9d0dec0d70f3bd5520d841009633d,banking
https://jp.reuters.com/opinion/forex-forum/YPDGWGHXWFL4HDLLMBODQ5VFHI-2025-04-22/,,焦点 ： ドル急変に追われる日本の輸出企業 、 組織改変やヘッジ多様化,20250423T014500Z,https://www.reuters.com/resizer/v2/BTYH3SDJHNNRJHSD6BRTF4UECA.jpg?auth=7d1ab5f62749bd419d1789c48f5909ccfaeeaffdb258a6a8121318409c735ab8&quality=80&smart=true,jp.reuters.com,Japanese,United States,,,Japanese,4c2bf22f553cdab2d0bec12f749a4688,banking
https://www.kyoto-np.co.jp/ud/pressrelease/68099260af6d344c8f000002,,野村證券とzero to one 、 Web3人材の育成に向けたオンライン教材を共同開発 Web3時代のAI戦略セミナーを開催｜共同通信PRワイヤー プレスリリース｜京都新聞デジタル 京都 ・ 滋賀のニュースサイト,20250424T023000Z,https://kyoto-np.ismcdn.jp/mwimgs/0/4/600wm/img_04f823d07092718ccbae1c27eb50a5ed73529.png,kyoto-np.co.jp,Japanese,Japan,,,Japanese,2411b650a4f33eb3e1bf7b16ded886e9,banking
https://tenasia.hankyung.com/article/2025042393224,https://tenasia.hankyung.com/amp/2025042393224,서장훈 연매출 2천억 회장님과 통장으로 통하네 … 온라인 뱅킹 잘 안 해백만장자,20250423T104500Z,https://img.hankyung.com/photo/202504/BF.40073263.1.jpg,tenasia.hankyung.com,Korean,South Korea,,,Korean,00b48b39e93079ce5f7be2a318b0e747,banking
http://news.nate.com/view/20250426n00967,https://m.news.nate.com/view/20250426n00967,"  연봉 2억 줄게 , 주 100시간 근무하세요 … 당신의 선택은 : 네이트 뉴스",20250426T023000Z,http://thumbnews.nateimg.co.kr/view610/news.nateimg.co.kr/orgImg/mt/2025/04/26/2025042514234834990_1.jpg,news.nate.com,Korean,United States,,,Korean,d9bbaaf2221326ad5b81d8071d667b47,banking
https://www.edaily.co.kr/photo/GalleryNewsList,https://m.edaily.co.kr/Photo/GalleryNewsView?galleryNo=50143 ,포토 > 2025 이데일리 금융투자대상,20250424T010000Z,https://www.edaily.co.kr/profile_edaily_512.png,edaily.co.kr,Korean,South Korea,,,Korean,114b8748ce81a7a7a794f5b40623278b,banking
https://www.newspim.com/news/view/20250425000311,https://m.newspim.com/newsamp/view/20250425000311,"KB국민은행 ,  비대면 금융사고 책임분담  신청 채널 확대",20250425T014500Z,https://img.newspim.com/news/2025/04/25/2504251003162590.jpg,newspim.com,Korean,South Korea,,,Korean,aa032acefffae898aed41a1fcdae6276,banking
https://biz.heraldcorp.com:443/article/10473910,,하나은행이  세작달  <세상에서 가장 작을 수 있는 달력> 만든 이유,20250425T024500Z,https://wimg.heraldcorp.com/news/cms/2025/04/25/news-p.v1.20250425.01bdcf13ef2e4424b8d812e9d1433d6e_T1.png,biz.heraldcorp.com,Korean,South Korea,,,Korean,2c2063ea0abb75cf41698629a3dba55c,banking
http://www.tio.ch/dal-mondo/cronaca/1833031/trump-chiede-sanzioni-bancarie-per-la-russia,,Trump chiede sanzioni bancarie per la Russia,20250426T143000Z,https://media.tio.ch/files/domains/tio.ch/images/4c94/f_-trump-chiede-sanzioni-bancarie-per-la-russia-1jdzo.jpg?v=1,tio.ch,Italian,Switzerland,,,Italian,3c4cf2f1de379ac4e83e2f3e3b1c4978,banking
http://www.tio.ch/svizzera/cronaca/1832880/truffa-del-falso-poliziotto-arrestati-cinque-giovanissimi,,Truffa del falso poliziotto : arrestati cinque giovanissimi,20250425T154500Z,https://media.tio.ch/files/domains/tio.ch/images/4c94/f_-truffa-del-falso-poliziotto-arrestati-cinque-giovanissimi-1jdql.jpg?v=1,tio.ch,Italian,Switzerland,,,Italian,e89bfaeb5318f8ae48fdc9061d44f6fe,banking
https://www.finanza.com/finanza-personale/come-controllare-bonifico-bancario-in-arrivo,,Come controllare se un bonifico è in arrivo ? ,20250423T141500Z,https://img.finanza.com/ScjB9tGhaF1_R7BRo-PtyUPzJbU=/1254x836/smart/filters:format(webp)/https://www.finanza.com/app/uploads/2025/04/iStock-1431694821.jpg,finanza.com,Italian,Italy,,,Italian,7123bc7724ee5a00f6a98565a3fa9f38,banking
https://www.ansa.it/sito/notizie/topnews/2025/04/24/borsa-europa-contrastata-effetto-trimestrali-milano-01_f0aa17f8-51ed-4257-8450-e8906e30a0fd.html,,"Borsa : Europa contrastata , effetto trimestrali , Milano +0 , 1 % - Ultima ora",20250424T091500Z,https://www.ansa.it/webimages/img_1129x635/2025/4/10/00a7c25c728f85d251751ea1da689f0d.jpg,ansa.it,Italian,Italy,,,Italian,614536df6d2816667a109d3e18af8d93,banking
https://www.finanza.com/finanza-personale/pagamenti-digitali/bonifici-acquisto-casa-auto-come-evitare-problemi-fiscali,,Bonifici per lacquisto di casa o auto : come evitare problemi fiscali,20250424T091500Z,https://img.finanza.com/BNUTam_oq9Y56BVmkVep-PtnP5U=/1311x800/smart/filters:format(webp)/https://www.finanza.com/app/uploads/2025/04/iStock-1141374659.jpg,finanza.com,Italian,Italy,,,Italian,52d9b5392e5dae2d6fbc0a8508c8fc60,banking
https://www.ansa.it/sito/notizie/economia/2025/04/25/borsa-accelerano-mediobanca-5-e-mps-4_9076ef6a-a124-41f3-a757-cada70e6c8bb.html,https://www.ansa.it/amp/sito/notizie/economia/2025/04/25/borsa-accelerano-mediobanca-5-e-mps-4_9076ef6a-a124-41f3-a757-cada70e6c8bb.html,Borsa : accelerano Mediobanca +5 % e Mps +4 % - Notizie,20250425T133000Z,https://www.ansa.it/webimages/img_1129x635/2012/7/24/f30117ad3d95632e75c1de62d2218e4d.jpg,ansa.it,Italian,Italy,,,Italian,0e6bd79594d7a7719217a381b57c7aaa,banking
https://www.ansa.it/sito/notizie/topnews/2025/04/25/borsa-accelerano-mediobanca-5-e-mps-4_7b755527-a10a-474d-a3b2-a3e5614106f4.html,,Borsa : accelerano Mediobanca +5 % e Mps +4 % - Ultima ora,20250425T133000Z,https://www.ansa.it/webimages/img_1129x635/2012/7/24/f30117ad3d95632e75c1de62d2218e4d.jpg,ansa.it,Italian,Italy,,,Italian,bf472909d3e5cb2d031749eee18ac057,banking
https://www.finanza.com/fisco/casa/mutui-tornano-ad-aumentare-per-lacquisto-di-una-casa-ma-restano-fermi-per-le-imprese,,Mutui : tornano ad aumentare per lacquisto di una casa . ma restano fermi per le imprese,20250422T113000Z,https://img.finanza.com/BINv7mWUwheIW2sipzDRebDqHus=/1255x835/smart/filters:format(webp)/https://www.finanza.com/app/uploads/2024/12/istock-504224466-bankitalia.jpg,finanza.com,Italian,Italy,,,Italian,7a58e70e1133dc03280806575b55966b,banking
https://www.ilgazzettino.it/schede/pensioni_maggio_pagamenti_quando_vengono_pagate_date_cedolino_calendario_importi-8798925.html,https://www.ilgazzettino.it/AMP/schede/pensioni_maggio_pagamenti_quando_vengono_pagate_date_cedolino_calendario_importi-8798925.html,"Pensioni maggio : il calendario dei pagamenti , il cedolino e gli importi . Le novità",20250425T100000Z,https://statics.cedscdn.it/photos/MED/2025/04/25/8798925_25075646_pensioni_maggio_2025.jpg,ilgazzettino.it,Italian,Italy,,,Italian,dc946d07fafcd2b6b6905386006e0f91,banking
https://www.money.it/pagamenti-digitali-diretti-come-funzionano-a2a-e-pay-by-bank,,"Pagamenti digitali diretti , come funzionano A2A e Pay by Bank",20250423T133000Z,https://www.money.it/local/cache-gd2/3d/e0122952b04ef277101c0354f17cbb.png,money.it,Italian,Italy,,,Italian,1c3c75017b3d19f5ba399ccebcd384bf,banking
https://odia.ig.com.br/economia/empregos-e-negocios/2025/04/7045242-justica-oficializa-cebraspe-como-banca-organizadora-de-concurso-da-pf.html,https://odia.ig.com.br/economia/empregos-e-negocios/2025/04/amp/7045242-justica-oficializa-cebraspe-como-banca-organizadora-de-concurso-da-pf.html,Justiça oficializa Cebraspe como banca organizadora de concurso da PF | Empregos & Negócios,20250425T231500Z,https://odia.ig.com.br/_midias/jpg/2025/04/25/cebrape-35855252.jpeg,odia.ig.com.br,Portuguese,Brazil,,,Portuguese,48402995f861be021d6d17d36efd893a,banking
https://www.bonde.com.br/bondenews/brasil/justica-oficializa-cebraspe-como-banca-organizadora-de-concurso-da-policia-federal,https://www.bonde.com.br/bondenews/brasil/justica-oficializa-cebraspe-como-banca-organizadora-de-concurso-da-policia-federal/amp,Justiça oficializa Cebraspe como banca organizadora de concurso da Polícia Federal,20250426T204500Z,https://s3.amazonaws.com/producao.spayce.com.br/1745680461859_bonde_6.png,bonde.com.br,Portuguese,Brazil,,,Portuguese,a90144e15277048c746f3ac54555ef94,banking
https://agenciabrasil.ebc.com.br/concursos/noticia/2025-04/justica-oficializa-cebraspe-como-banca-organizadora-de-concurso-da-pf,,Justiça oficializa Cebraspe como banca organizadora de concurso da PF,20250425T181500Z,https://imagens.ebc.com.br/3b-OFBOBQoICZdkx-p9r826_Jew=/1600x800/https://agenciabrasil.ebc.com.br/sites/default/files/thumbnails/image/movimentacao-pf_mcamgo_abr_31082023-2.jpg?itok=1mqityd-,agenciabrasil.ebc.com.br,Portuguese,Brazil,,,Portuguese,d68b627c2fc3430ac4ab37bda5569ff0,banking
https://jcconcursos.uol.com.br/noticia/concursos/policia-federal-contrato-com-banca-do-concurso-para-192-vagas-e-oficialmente-publicado-134546,https://jcconcursos.uol.com.br/amp/noticia/concursos/policia-federal-contrato-com-banca-do-concurso-para-192-vagas-e-oficialmente-publicado-134546,Polícia Federal : contrato com banca do concurso para 192 vagas é oficialmente publicado,20250425T104500Z,https://jcconcursos.uol.com.br/media/_versions/noticia/pf_novoo_widelg.jpg,jcconcursos.uol.com.br,Portuguese,Brazil,,,Portuguese,7a1f9462657528e54b5962723daaeb7b,banking
https://www.conjur.com.br/2025-abr-25/marcacao-fora-do-padrao-anula-resposta-de-candidata-de-concurso-publico/,,Marcao fora do padrão anula resposta de candidata em concurso,20250425T153000Z,https://www.conjur.com.br/wp-content/uploads/2025/04/pessoa-fazendo-prova-scaled.jpg,conjur.com.br,Portuguese,Brazil,,,Portuguese,f2df860f22a479f74b7dcbbc99c928e6,banking
https://www.correio24horas.com.br/economia/empregos/saiba-tudo-sobre-concurso-da-policia-federal-que-vai-oferecer-mil-vagas-com-salarios-de-ate-r-26-mil-0425,,Saiba tudo sobre concurso da Polícia Federal que vai oferecer mil vagas com salários de até R$ 26 mil,20250421T194500Z,https://midias.correio24horas.com.br/2025/02/06/policia-federal-2599758.jpg,correio24horas.com.br,Portuguese,Brazil,,,Portuguese,32030dd066121bec20da4a51206780db,banking
https://www.clickpb.com.br/concurso/boqueirao-banca-concurso.html,,Prefeitura de Boqueirão lança edital para contratar banca de concurso com mais de 100 vagas,20250422T160000Z,https://www.clickpb.com.br/wp-content/uploads/2023/12/boqueirao-pb-scaled.jpg,clickpb.com.br,Portuguese,Brazil,,,Portuguese,b5e62a1c5d2d89f8f99b0ad24ba3f7a5,banking
https://www.correio24horas.com.br/economia/empregos/concurso-da-pf-com-salarios-de-ate-r-263-mil-tera-edital-em-maio-0425,,"Concurso da PF com salários de até R$ 26 , 3 mil terá edital em maio",20250424T111500Z,https://midias.correio24horas.com.br/2025/04/24/policia-federal-2702122.jpg,correio24horas.com.br,Portuguese,Brazil,,,Portuguese,87c399700dd1af3e86cf8415086aa140,banking
https://noticias.r7.com/economia/policia-federal-lanca-concurso-com-192-vagas-e-salarios-de-ate-r-11-mil-veja-cronograma-26042025/,,Polícia Federal lança concurso com 192 vagas e salários de até R$ 11 mil ; veja cronograma,20250426T170000Z,https://newr7-r7-prod.web.arc-cdn.net/resizer/v2/CZF2IW7IXJAOROCPJWQS72M4EQ.jpeg?smart=true&auth=5a76306aeebce999aa8c23cde2b003db93be12390f6ae4d93f7cc6dbf8d1e7bf,noticias.r7.com,Portuguese,Brazil,,,Portuguese,9ed1f975fd2d08ff7c8c2ad837c3a0cb,banking
https://www.mondaq.com:443/unitedstates/fin-tech/1613022/sophisticated-crypto-theft-targeting-high-net-worth-individuals,,Sophisticated Crypto Theft Targeting High - Net - Worth Individuals,20250421T053000Z,http://www.mondaq.com/images/MondaqThumb.png,mondaq.com,English,United States,,,English,9f166815d3917fe762dbb4066dac7f1d,cryptocurrency
https://www.clickondetroit.com/news/local/2025/04/25/heres-how-much-michiganders-lost-in-crypto-fraud-in-2024/,,Here how much Michiganders lost in crypto fraud in 2024,20250425T120000Z,"https://res.cloudinary.com/graham-media-group/image/upload/f_auto/q_auto/c_thumb,w_700/v1/media/gmg/N2PZ3M4ZZVHWJKE4TPWGXETSQA.jpg?_a=DATAdtccZAA0",clickondetroit.com,English,United States,,,English,5d08269f671cd890be6ee21644058069,cryptocurrency
https://www.benzinga.com/government/regulations/25/04/45027836/sec-chair-paul-atkins-says-crypto-deserves-clear-regulatory-rules-praises-crypto-mom-heste,,"SEC Chair Paul Atkins Says Crypto Deserves Clear Regulatory Rules , Praises  Crypto Mom  Hester Peirce Efforts SEC Chair Paul Atkins Says Crypto Deserves Clear Regulatory Rules , Praises  Crypto Mom  Hester Peirce Efforts - Strategy ( NASDAQ : MSTR )...",20250426T211500Z,https://cdn.benzinga.com/files/images/story/2025/04/26/Solana-Golden-Cryptocurrency-In-Close-up.jpeg?&fit=crop,benzinga.com,English,United States,,,English,a9b2148800602b4bd1c6978ce1f3c86d,cryptocurrency
https://www.benzinga.com/government/regulations/25/04/45027836/sec-chair-paul-atkins-says-crypto-deserves-clear-regulatory-rules-praises-crypto-mom-hester-peirces-efforts,,"SEC Chair Paul Atkins Says Crypto Deserves Clear Regulatory Rules , Praises  Crypto Mom  Hester Peirce Efforts SEC Chair Paul Atkins Says Crypto Deserves Clear Regulatory Rules , Praises  Crypto Mom  Hester Peirce Efforts - Strategy ( NASDAQ : MSTR )...",20250426T190000Z,https://cdn.benzinga.com/files/images/story/2025/04/26/Solana-Golden-Cryptocurrency-In-Close-up.jpeg?&fit=crop,benzinga.com,English,United States,,,English,3ea19bde4fb3006fd8a83c2e1857953d,cryptocurrency
https://www.benzinga.com/markets/cryptocurrency/25/04/45004739/fartcoin-might-capture-the-meme-coin-spotlight-in-2025-but-these-gold-backed-cryptocurrenc,,"Fartcoin Might Capture The Meme Coin Spotlight In 2025 , But These Gold - Backed Cryptocurrencies Have Outpaced Its Growth In Recent Trends - Emeren Group ( NYSE : SOL ) ",20250425T124500Z,https://cdn.benzinga.com/files/images/story/2025/04/25/Bitcoin-Btc-Cryptocurrency-Coin-With-Alt.jpeg?&fit=crop,benzinga.com,English,United States,,,English,8f00b6bc9f26351aa0a3c5a86fea08d8,cryptocurrency
https://www.manilatimes.net/2025/04/22/tmt-newswire/plentisoft/pizzaday-unveils-global-pizza-day-for-may222025-a-worldwide-celebration-of-pizza-and-community/2096138,https://www.manilatimes.net/2025/04/22/tmt-newswire/plentisoft/pizzaday-unveils-global-pizza-day-for-may222025-a-worldwide-celebration-of-pizza-and-community/2096138/amp,"Pizza . Day Unveils Global Pizza Day for May 22 ,  2025 - A Worldwide Celebration of Pizza and Community",20250422T033000Z,https://www.manilatimes.net/manilatimes/uploads/images/2025/04/22/600980.jpg,manilatimes.net,English,Philippines,,,English,0d6c289926cf069544ec623df7d0b0c4,cryptocurrency
https://www.wxyz.com/news/troy-police-warn-residents-about-rising-cryptocurrency-scams,,Troy police warn residents about rising cryptocurrency scams,20250423T010000Z,http://ewscripps-brightspot.s3.amazonaws.com/e0/f5/3c7d48ca42cb9b9c7be9f52ddef1/screenshot-2025-04-22-at-6-56-37-pm.png,wxyz.com,English,United States,,,English,0ed4a0265b8509d25614ce11971dc1a9,cryptocurrency
https://www.cnet.com/personal-finance/investors-lost-5-8b-to-cryptocurrency-scams-last-year-heres-how-to-keep-your-money-safe/,,Investors Lost $5 . 8B to Cryptocurrency Scams Last Year . Here How to Keep Your Money Safe,20250425T103000Z,https://www.cnet.com/a/img/resize/4cb2f95f51d3c1f98f1a999bddf66c2f2a0a1f2d/hub/2024/12/23/203d8084-e606-4592-8be4-332c47167da5/gettyimages-1304791612.jpg?auto=webp&fit=crop,cnet.com,English,Japan,,,English,f717202fe5a9670a9d5428deeb271ac9,cryptocurrency
https://www.arabtimesonline.com/news/26-cryptocurrency-miners-detained-in-kuwaits-latest-crackdown/,,26 Cryptocurrency Miners Detained in Kuwait Latest Crackdown,20250428T000000Z,https://www.arabtimesonline.com/arabtimes/uploads/images/2025/04/27/thumbs/400x400/65167.jpg,arabtimesonline.com,English,Kuwait,,,English,f07c2017edcd1385a106cbcac4f9bb8a,cryptocurrency
https://www.thecable.ng/fbi-9-3bn-lost-to-crypto-related-fraud-in-2024-up-by-66/,,FBI : $9 . 3bn lost to crypto - related fraud in 2024 up by 66 % ,20250424T160000Z,https://www.thecable.ng/wp-content/uploads/2024/08/6A9818FD-DC7B-4010-AA85-CC77D2097007.jpeg,thecable.ng,English,Nigeria,,,English,cf5961dc83e49030dc8f049fc169ffa7,cryptocurrency
https://www.infobae.com/tecno/2025/04/24/el-sube-y-baja-de-tether-cual-es-su-costo-este-24-de-abril/,https://www.infobae.com/tecno/2025/04/24/el-sube-y-baja-de-tether-cual-es-su-costo-este-24-de-abril/?outputType=amp-type,El sube y baja de tether : cuál es su costo este 24 de abril,20250424T111500Z,https://www.infobae.com/resizer/v2/6ZDMURUKFNGV3BFW2GVB7ULHMU.jpg?auth=06c8d61a9de95db405b09541ece8db14d3082ec0d1325ebcfaad959d2fc4c4e3&smart=true&quality=85,infobae.com,Spanish,Argentina,,,Spanish,6e2da904b89b85e23a0e16899f2c22fd,cryptocurrency
https://www.infobae.com/tecno/2025/04/24/el-precio-de-la-criptomoneda-bitcoin-este-24-de-abril/,https://www.infobae.com/tecno/2025/04/24/el-precio-de-la-criptomoneda-bitcoin-este-24-de-abril/?outputType=amp-type,El precio de la criptomoneda bitcoin este 24 de abril,20250424T111500Z,https://www.infobae.com/resizer/v2/MMSONQIM7NATRJNYO3EQ3E5JKA.jpg?auth=96b1d3936191de2123e9653ff5e259a6f87425f9c98115882981cbd6dbe05c4a&smart=true&quality=85,infobae.com,Spanish,Argentina,,,Spanish,034babebf44eda82aa8a8aa51c6c66d1,cryptocurrency
https://www.rbc.ru/crypto/news/680b38f69a79474aaf2eed61,https://amp.rbc.ru/crypto/news/680b38f69a79474aaf2eed61,ФРС отменила ограничения для банков по работе с криптовалютой . Что это изменит :: РБК . Крипто,20250425T084500Z,,rbc.ru,Russian,Russia,,,Russian,ad936d5a904ccafeef313fb24ee82b42,cryptocurrency
https://rg.ru/2025/04/23/minfin-hochet-vvesti-otvetstvennost-za-nepravomernoe-ispolzovanie-kriptovaliut.html,https://rg.ru/amp/2025/04/23/minfin-hochet-vvesti-otvetstvennost-za-nepravomernoe-ispolzovanie-kriptovaliut.html,Минфин хочет ввести ответственность за неправомерное использование криптовалют,20250423T133000Z,https://cdnstatic.rg.ru/uploads/images/2025/04/23/16564814jpg_b39_5ae.jpg,rg.ru,Russian,Russia,,,Russian,f72b9e81856583143fd80577b6e55740,cryptocurrency
https://1prime.ru/20250423/minfin-856960134.html,https://1prime.ru/amp/20250423/minfin-856960134.html,Минфин готовит амнистию для оборудования для майнинга криптовалют,20250423T140000Z,https://cdnn.1prime.ru/images/sharing/article/rus/856960134.jpg,1prime.ru,Russian,Russia,,,Russian,1ee7cf97d33618cb99b597bffec790b3,cryptocurrency
https://www.ferra.ru/news/computers/khakery-iz-storm-1977-atakovali-obrazovatelnye-oblaka-27-04-2025.htm,https://www.ferra.ru/amp/news/computers/khakery-iz-storm-1977-atakovali-obrazovatelnye-oblaka-27-04-2025.htm,Хакеры из Storm - 1977 атаковали образовательные облака,20250427T144500Z,https://www.ferra.ru/imgs/2025/04/27/13/6799441/b969be4a5f76e19d654bcccc71613317476c2e6f.jpeg,ferra.ru,Russian,Russia,,,Russian,149c69b4d4987ae92c4de2d04e952765,cryptocurrency
https://rb.ru/news/bitcoin-crypto-march/,,Курс биткоина поднялся выше $90 тыс . впервые с начала марта,20250422T171500Z,https://media.rbcdn.ru/media/news/220420250000bitcoin-crypto-march.jpg,rb.ru,Russian,Russia,,,Russian,4d890aae06edc43a6cb3deb605a68006,cryptocurrency
https://iz.ru/1874992/2025-04-22/ekspert-rasskazal-o-problemakh-finansovoi-sistemy-es,https://iz.ru/export/google/amp/1874992,Проблемы финансовой системы Евросоюза : мнение эксперта,20250422T123000Z,http://cdn.iz.ru/sites/default/files/styles/900x506/public/news-2025-04/DK109096-1.jpg?itok=06QAvbJA,iz.ru,Russian,Russia,,,Russian,09a0de8b99385ee9a313b190f47ed58a,cryptocurrency
https://vz.ru/news/2025/4/22/1327597.html,https://vz.ru/amp/news/2025/4/22/1327597.html,ВЗГЛЯД / Стало известно о новых запросах регионов на запрет майнинга :: Новости дня,20250422T091500Z,https://img.vz.ru/upimg/soc/soc_1327597.png,vz.ru,Russian,Russia,,,Russian,3da109a55a96c0e8d96e84b994d5a3f2,cryptocurrency
https://tass.ru/obschestvo/23742695,https://tass.ru/obschestvo/23742695/amp,В Общественной палате предложили запретить прием наличных криптообменниками,20250422T024500Z,https://cdn-storage-media.tass.ru/thumb/ru/obschestvo/23742695?u=2025-04-22T00:02:06.612115,tass.ru,Russian,Russia,,,Russian,a7e2acc64dbac0894f7c8ff2e57978fd,cryptocurrency
https://www.rbc.ru/crypto/news/6806166f9a79470b50e33210,https://amp.rbc.ru/crypto/news/6806166f9a79470b50e33210,Почему выросла цена биткоина . Что нужно криптовалюте для дальнейшего роста :: РБК . Крипто,20250421T120000Z,,rbc.ru,Russian,Russia,,,Russian,d6967e45c761c58ffa206e73a8831efd,cryptocurrency
https://www.etnews.com/20250424000152,https://m.etnews.com/20250424000152,트럼프 밈코인  가장 많이 산 고객에게 대통령과의 만찬 기회를  ,20250424T061500Z,https://img.etnews.com/news/article/2025/04/24/news-p.v1.20250424.abf3ac50600c4bd7898b7edafb176c1d_P1.png,etnews.com,Korean,South Korea,,,Korean,e4db26ed9a27f47f4bca9530a6af628c,cryptocurrency
https://finance.yahoo.com/news/5-stock-market-signals-suggest-232254089.html,,5 stock - market signals that suggest the tariff - induced sell - off is over,20250427T071500Z,https://s.yimg.com/ny/api/res/1.2/tiZxtrT.jv5Twxhmg1UXig--/YXBwaWQ9aGlnaGxhbmRlcjt3PTEyMDA7aD05MDA-/https://media.zenfs.com/en/business_insider_articles_888/87b361ce5752f106210dafb102ff6edb,finance.yahoo.com,English,United States,,,English,80b119f44d41a90d6f4d2ef99285e255,stock market
https://www.today.com/life/holidays/stock-market-holidays-rcna202203,https://www.today.com/today/amp/rcna202203,"Stock Market Holidays : Details on the NYSE , Nasdaq Closing Dates",20250425T210000Z,,today.com,English,United States,,,English,fc4ed2ad267919c12ef624256e5ae3c3,stock market
https://www.livemint.com/market/stock-market-news/indian-stock-market-8-things-that-changed-for-market-over-weekend-gift-nifty-us-china-trade-tensions-to-gold-prices-11745803830437.html,https://www.livemint.com/market/stock-market-news/indian-stock-market-8-things-that-changed-for-market-over-weekend-gift-nifty-us-china-trade-tensions-to-gold-prices/amp-11745803830437.html,"Indian stock market : 8 things that changed for market over weekend - Gift Nifty , US - China trade tensions to gold prices",20250428T031500Z,https://www.livemint.com/lm-img/img/2025/04/28/600x338/HK-STOCKS-5_1745804163570_1745804170901.jpg,livemint.com,English,India,,,English,3e9bb043a624b60e5ad75d5ba834d793,stock market
https://www.livemint.com/market/stock-market-news/sensex-jumps-850-points-investors-earn-6-lakh-crore-10-key-highlights-of-indian-stock-market-today-11745229363402.html,https://www.livemint.com/market/stock-market-news/sensex-jumps-850-points-investors-earn-6-lakh-crore-10-key-highlights-of-indian-stock-market-today/amp-11745229363402.html,"Sensex jumps 850 points , investors earn ₹6 lakh crore 10 key highlights of Indian stock market today",20250421T104500Z,https://www.livemint.com/lm-img/img/2025/04/21/600x338/2-0-86659716-BSE1-4C--0_1681741441789_1745229546001.jpg,livemint.com,English,India,,,English,29e50a24c74b1683f22c02ea8650c6f9,stock market
https://www.livemint.com/market/stock-market-news/sensex-nifty-50-rise-for-6th-consecutive-session-10-key-highlights-of-indian-stock-market-today-11745315371951.html,https://www.livemint.com/market/stock-market-news/sensex-nifty-50-rise-for-6th-consecutive-session-10-key-highlights-of-indian-stock-market-today/amp-11745315371951.html,"Sensex , Nifty 50 rise for 6th consecutive session 10 key highlights of Indian stock market today",20250422T104500Z,https://www.livemint.com/lm-img/img/2025/04/22/600x338/BullsBears_Pixabay_1732857595587_1745315820810.jpg,livemint.com,English,India,,,English,b1a5357490f2f539df9d2da64651c098,stock market
https://www.livemint.com/market/stock-market-news/indian-stock-market-7-key-things-that-changed-for-market-overnight-gift-nifty-us-tech-stocks-rally-to-gold-prices-11745518249557.html,https://www.livemint.com/market/stock-market-news/indian-stock-market-7-key-things-that-changed-for-market-overnight-gift-nifty-us-tech-stocks-rally-to-gold-prices/amp-11745518249557.html,"Indian stock market : 7 key things that changed for market overnight - Gift Nifty , US tech stocks rally to gold prices",20250425T023000Z,https://www.livemint.com/lm-img/img/2025/04/24/600x338/HK-STOCKS-15_1745518330414_1745518351105.jpg,livemint.com,English,India,,,English,bd8423565fc9b851a65493d54354a2e8,stock market
https://www.livemint.com/market/stock-market-news/250-rally-in-one-year-multibagger-pharma-stock-jumps-despite-stock-market-crash-11745559649465.html,https://www.livemint.com/market/stock-market-news/250-rally-in-one-year-multibagger-pharma-stock-jumps-despite-stock-market-crash/amp-11745559649465.html,250 % rally in one year ! Multibagger pharma stock jumps despite stock market crash,20250425T070000Z,https://www.livemint.com/lm-img/img/2025/04/25/600x338/The-move-to-join-the-Pharmaceutical-Inspection-Con_1685896524607_1745559927961.jpg,livemint.com,English,India,,,English,d6e39725ad86070ee4bb83142fe0fbae,stock market
https://www.livemint.com/market/stock-market-news/indian-stock-market-7-things-that-changed-for-market-overnight-gift-nifty-wall-street-rally-to-us-china-trade-talks-11745427455798.html,https://www.livemint.com/market/stock-market-news/indian-stock-market-7-things-that-changed-for-market-overnight-gift-nifty-wall-street-rally-to-us-china-trade-talks/amp-11745427455798.html,"Indian stock market : 7 things that changed for market overnight - Gift Nifty , Wall Street rally to US - China trade talks",20250424T034500Z,https://www.livemint.com/lm-img/img/2025/04/23/600x338/HONG-KONG-CHINA-STOCKS-0_1745427523623_1745427551348.jpg,livemint.com,English,India,,,English,bcccfb0848556a5e84f993bdfe1449d9,stock market
https://www.fool.com/investing/2025/04/21/will-the-stock-market-crash-again-in-2025-heres-wh/,,Will the Stock Market Crash Again in 2025 ? Here What History Shows . ,20250421T103000Z,https://g.foolcdn.com/editorial/images/815222/woman-with-hands-over-face-laptop.jpg,fool.com,English,United States,,,English,4cb1680169e5f215411b135467e8f6e4,stock market
https://www.livemint.com/market/stock-market-news/stock-market-today-trade-setup-for-nifty-50-to-q4-results-eight-stocks-to-buy-or-sell-on-tuesday-22-april-2025-11745237256970.html,https://www.livemint.com/market/stock-market-news/stock-market-today-trade-setup-for-nifty-50-to-q4-results-eight-stocks-to-buy-or-sell-on-tuesday-22-april-2025/amp-11745237256970.html,Stock market today : Trade setup for Nifty 50 to Q4 Results ; Eight stocks to buy or sell on Tuesday 22 April 2025,20250422T013000Z,https://www.livemint.com/lm-img/img/2025/04/21/600x338/BullsBears_Pixabay_1732857595587_1745240862015.jpg,livemint.com,English,India,,,English,0b641fd2caeb819cacb6ca7fcf641e07,stock market
https://www.bfmtv.com/economie/replay-emissions/bfm-bourse/l-integrale-de-bfm-bourse-du-vendredi-25-avril_EN-202504250648.html,,Lintégrale de BFM Bourse du vendredi 25 avril,20250425T180000Z,https://images.bfmtv.com/c-_Kce7t0bEBILbQRBJnER7x6ME=/0x0:14000x14000/1400x0/podcast/podcasts/principale-68_1.jpg,bfmtv.com,French,France,,,French,02514ec74691f364f939c32c4bbe9e5f,stock market
https://www.bfmtv.com/economie/replay-emissions/bfm-bourse/bfm-bourse-17h-18h-25-04_EN-202504250647.html,,BFM Bourse : 17h / 18h – 25 / 04,20250425T180000Z,https://images.bfmtv.com/c-_Kce7t0bEBILbQRBJnER7x6ME=/0x0:14000x14000/1400x0/podcast/podcasts/principale-68_1.jpg,bfmtv.com,French,France,,,French,9f422f18c3d818f4d61850ee2abd9d11,stock market
https://www.bfmtv.com/economie/replay-emissions/bfm-bourse/bfm-bourse-17h-18h-22-04_EN-202504220598.html,,BFM Bourse : 17h / 18h – 22 / 04,20250422T180000Z,https://images.bfmtv.com/c-_Kce7t0bEBILbQRBJnER7x6ME=/0x0:14000x14000/1400x0/podcast/podcasts/principale-68_1.jpg,bfmtv.com,French,France,,,French,e1c24c78649a0391b6775f2229876395,stock market
https://www.bfmtv.com/economie/replay-emissions/bfm-bourse/on-refait-la-seance-accor-surperforme-dans-le-luxe-et-le-lifestyle-25-04_EN-202504250642.html,,On refait la séance : Accor surperforme dans le luxe et le lifestyle – 25 / 04,20250425T180000Z,https://images.bfmtv.com/c-_Kce7t0bEBILbQRBJnER7x6ME=/0x0:14000x14000/1400x0/podcast/podcasts/principale-68_1.jpg,bfmtv.com,French,France,,,French,6607412e1374c6b71f2e879612a3910e,stock market
https://www.bfmtv.com/economie/replay-emissions/bfm-bourse/l-integrale-de-bfm-bourse-du-mardi-22-avril_EN-202504220595.html,,Lintégrale de BFM Bourse du mardi 22 avril,20250422T180000Z,https://images.bfmtv.com/c-_Kce7t0bEBILbQRBJnER7x6ME=/0x0:14000x14000/1400x0/podcast/podcasts/principale-68_1.jpg,bfmtv.com,French,France,,,French,d44b7b049c152e5c8f984df9634ade17,stock market
https://www.bfmtv.com/economie/replay-emissions/bfm-bourse/le-club-trump-powell-le-ton-monte-d-un-cran-22-04_EN-202504220585.html,,"Le Club : Trump / Powell , le ton monte dun cran – 22 / 04",20250422T180000Z,https://images.bfmtv.com/c-_Kce7t0bEBILbQRBJnER7x6ME=/0x0:14000x14000/1400x0/podcast/podcasts/principale-68_1.jpg,bfmtv.com,French,France,,,French,a227b17594e4dbc04821cad4f0d05c29,stock market
https://www.abcbourse.com/marches/newsContent/662136,https://www.abcbourse.com/marches/amp/agenda-des-societes-cotees-du-24-avril-2025_662136,Agenda des sociétés cotées du 24 avril 2025,20250424T071500Z,https://www.abcbourse.com/imgabc/d9d45b64-1895-458c-8781-6dba284d1b0b_x.jpg,abcbourse.com,French,France,,,French,cf797be05bb230bc5a1729c3450de139,stock market
https://www.bfmtv.com/economie/replay-emissions/bfm-patrimoine/le-dechiffrage-guerre-commerciale-ou-guerre-des-capitaux-25-04_EN-202504250327.html,,Le déchiffrage : Guerre commerciale ou guerre des capitaux ? ,20250425T104500Z,https://images.bfmtv.com/kwMVALJRF8labIgEtr_2a1h2RuE=/0x0:14000x14000/1400x0/podcast/podcasts/principale-62_2.jpg,bfmtv.com,French,France,,,French,b45bec2016fa51f1e273e2f57f04fc97,stock market
https://www.zonebourse.com/cours/action/VOPAK-6452/actualite/La-societe-neerlandaise-Vopak-obtient-l-accord-des-autorites-indiennes-pour-l-introduction-en-bo-49685183/,,La société néerlandaise Vopak obtient laccord des autorités indiennes pour lintroduction en bourse de sa coentreprise,20250423T081500Z,https://cdn.zonebourse.com/static/resize/0/0/images/reuters/2025-04/2025-04-23T075641Z_1_LYNXMPEL3M08Y_RTROPTP_4_VOPAK-RESULTS.JPG,zonebourse.com,French,France,,,French,37859cff06b61531c0f73e47ad8cbede,stock market
https://www.bfmtv.com/economie/replay-emissions/bfm-patrimoine/le-point-trading-le-rebond-des-grands-indices-se-poursuit-25-04_EN-202504250333.html,,Le point trading : Le rebond des grands indices se poursuit,20250425T104500Z,https://images.bfmtv.com/kwMVALJRF8labIgEtr_2a1h2RuE=/0x0:14000x14000/1400x0/podcast/podcasts/principale-62_2.jpg,bfmtv.com,French,France,,,French,6e4a59046a91c115bca0cd3d22d4b0c9,stock market
https://www.laestrella.com.pa/economia/actividad-bursatil-en-panama-cerro-marzo-con-211-millones-ED12117517,https://www.laestrella.com.pa/amp/economia/actividad-bursatil-en-panama-cerro-marzo-con-211-millones-ED12117517,Actividad bursátil en Panamá cerró marzo con $211 millones,20250426T063000Z,https://www.laestrella.com.pa/binrepository/720x480/0c0/0d0/none/199516884/NCRO/ciudad-de-panama_181-10019311_20250425161550.jpg,laestrella.com.pa,Spanish,Panama,,,Spanish,7b39b1a46b9cc81971778e0af0c8d79e,stock market
https://www.elimparcial.com/locurioso/2025/04/25/mujer-asegura-que-organizar-su-boda-la-llevo-a-la-quiebra/,https://www.elimparcial.com/locurioso/2025/04/25/mujer-asegura-que-organizar-su-boda-la-llevo-a-la-quiebra/?outputType=amp-type,Mujer asegura que organizar su boda  la llevó a la quiebra  | Noticias de México,20250425T210000Z,https://www.elimparcial.com/resizer/v2/2HH7DRI2GFHSLPW77GU76LG2WM.jpg?auth=ace27d1ba626b36b9a6e894f5de21e230ace1199ffbefaf8aaf8f01552c31328&smart=true&quality=70,elimparcial.com,Spanish,Mexico,,,Spanish,0ceddf2ad25a6d64272cf886ef6dcaa8,stock market
https://www.am.com.mx/nacional/2025/4/21/inquietan-instintos-de-donald-trump-737951.html,,Inquietan  instinto de Donald Trump,20250421T150000Z,https://www.am.com.mx/u/fotografias/m/2025/4/20/f1280x720-645004_776679_5050.jpg,am.com.mx,Spanish,Mexico,,,Spanish,e28410d912b019c9075d97ef9d8db929,stock market
https://www.eleconomista.com.mx/mercados/grupo-bmv-reporta-aumento-ingresos-17-primer-trimestre-20250422-755961.html,https://www.eleconomista.com.mx/amp/mercados/grupo-bmv-reporta-aumento-ingresos-17-primer-trimestre-20250422-755961.html,Grupo BMV reporta un aumento en sus ingresos de 17 % en el primer trimestre de 2025,20250423T041500Z,https://imagenes.eleconomista.com.mx/files/image_1200_600/uploads/2018/05/17/66e4d2176f844.jpeg,eleconomista.com.mx,Spanish,Mexico,,,Spanish,0af5c619a4631223204db15174e043b0,stock market
https://www.elimparcial.com/dinero/2025/04/22/trump-derrotado-posible-acuerdo-comercial-con-china-avanza-muy-bien-casa-blanca/,https://www.elimparcial.com/dinero/2025/04/22/trump-derrotado-posible-acuerdo-comercial-con-china-avanza-muy-bien-casa-blanca/?outputType=amp-type, ¿ Trump derrotado ? Posible acuerdo comercial con China avanza muy bien : Casa Blanca | Noticias de México,20250422T210000Z,https://www.elimparcial.com/resizer/v2/EPPCDOU2OJGFRNP6YTY7EVW4XQ.jpg?auth=aac776ecfe19ba8a8083ebe5d6d4dcfa09cbf89b46eee01017e5ace6d988de23&smart=true&quality=70,elimparcial.com,Spanish,Mexico,,,Spanish,f23e5598d01238b70d4995af5cea9f46,stock market
https://diario.mx/estados-unidos/2025/apr/22/secretario-del-tesoro-de-eu-dice-que-guerra-comercial-con-china-no-es-sostenible-1063020.html,https://diario.mx/amp/estados-unidos/2025/apr/22/secretario-del-tesoro-de-eu-dice-que-guerra-comercial-con-china-no-es-sostenible-1063020.html,Secretario del Tesoro de EU dice que guerra comercial con China no es  sostenible  ,20250422T220000Z,https://diario.mx/core/dmx/assets/images/2025/04/22/middle-d14-6pcOjC5cL.jpg,diario.mx,Spanish,Mexico,,,Spanish,95c45b5be441d84e8fdc68b8f45711fc,stock market
https://es.dailyforex.com/forex-technical-analysis/2025/04/senal-forex-btcusd-hoy-22042025/227287,,BTC / USD Señal 22 / 04 : Toros Apuntan a $90 . 000 ( Grafico ) ,20250422T073000Z,,es.dailyforex.com,Spanish,United Kingdom,,,Spanish,449d162594db4ea2c04e9168d1cb632b,stock market
https://www.cuartopoder.mx/nacional/reprueban-a-trump-por-decisiones-economicas/531047,https://www.cuartopoder.mx/amp/nacional/reprueban-a-trump-por-decisiones-economicas/531047,Reprueban a Trump por decisiones económicas,20250421T120000Z,https://blob.cuartopoder.mx/images/2025/04/21/a9-1.jpg,cuartopoder.mx,Spanish,Mexico,,,Spanish,00fa7fba32f9e19405646463c80aa4c8,stock market
https://gestion.pe/tu-dinero/rentabilidad-de-fondos-en-las-afp-cae-este-ano-sepa-como-le-va-al-suyo-noticia/,,"Rentabilidad de fondos en las AFP cae este año , sepa cómo le va al suyo",20250427T124500Z,https://gestion.pe/resizer/v2/PDLQYK3QVRCTXGODVHG6WD63IU.jpg?auth=af2586ae71801d2936478b87c5cb6e0f666a1386c3dfaa89a86b5e45c4f70126&quality=75&smart=true,gestion.pe,Spanish,Peru,,,Spanish,df800a0c7645adc7016b54f28b21831c,stock market
https://hoy.com.do/cuales-razones-crearon-inestabilidad-en-las-tasas/,, ¿ Cuáles razones crearon inestabilidad en las tasas ? ,20250422T051500Z,https://hoy.com.do/wp-content/uploads/2025/04/11_Economia_22_2p01.jpg,hoy.com.do,Spanish,Dominican Republic,,,Spanish,67419fe37c8d7abad3661597218c6d17,stock market
https://www.finanzen.ch/nachrichten/aktien/exklusives-trading-event-mit-top-speakern-der-kick-off-zum-traders-cup-2025-1034625482,,Exklusives Trading - Event mit Top - Speakern : Der Kick - off zum Traders Cup 2025,20250425T111500Z,https://images.finanzen.ch/images/unsortiert/tc-banner-660x303-finanzench-mann.jpg,finanzen.ch,German,Switzerland,,,German,dceefcaedac13f415ffaf693e9393e57,stock market
https://www.finanzen.net/nachricht/zertifikate/stockers-boersencheck-hat-die-renaissance-des-europaeischen-aktienmarktes-gerade-erst-begonnen-14414903,,Stockers Börsencheck : Hat die Renaissance des europäischen Aktienmarktes gerade erst begonnen ? ,20250423T223000Z,,finanzen.net,German,Germany,,,German,76c69731d943b0855967fd0a07d51ce4,stock market
https://www.onvista.de/news/2025/04-23-stockers-boersencheck-hat-die-renaissance-des-europaeischen-aktienmarktes-gerade-erst-begonnen-0-13-26381761,,Stockers Börsencheck : Hat die Renaissance des europäischen Aktienmarktes gerade erst begonnen ? ,20250423T231500Z,"https://images.onvista.com/onvista-media/image/upload/w_600,h_300,c_pad,b_white/v1/ov/umwft5kcunw69jfvtslb.png",onvista.de,German,Germany,,,German,b481225b3b12a0ab4a17d43835f4dd4a,stock market
https://www.20min.ch/story/aktienmaerkte-was-es-mit-dem-todeskreuz-an-der-boerse-auf-sich-hat-103330830,,Todeskreuz Börse : Was bedeutet das Todeskreuz beim S & P 500 ? ,20250424T131500Z,https://image.20min.ch/2025/04/24/7e343fdd-1725-4642-967e-9fcc00056e13.jpeg?auto=format%2Ccompress%2Cenhance&fit=crop&rect=0%2C0%2C4000%2C2667&crop=faces&s=43c0335559e23f545ef656760780b125,20min.ch,German,Switzerland,,,German,a8848bb4433f1ff46489c6391b115796,stock market
https://www.wallstreet-online.de/nachricht/19264236-aktien-frankfurt-eroeffnung-dax-gut-unterwegs-hoffnung-deutsche-wirtschaftswende,,Aktien Frankfurt Eröffnung : DAX weiter gut unterwegs – Hoffnung auf die deutsche Wirtschaftswende,20250424T071500Z,https://assets.wallstreet-online.de/_media/6/autor1280x720/size_645/jochen-stanzl-1280x720.jpg,wallstreet-online.de,German,Germany,,,German,c88dfda5063aa324c6e6ae00619f5725,stock market
https://www.finanznachrichten.de/nachrichten-2025-04/65172611-blackrock-us-aktien-etf-mit-drei-prozent-kappungsgrenze-392.htm,,BlackRock : US - Aktien - ETF mit Drei - Prozent - Kappungsgrenze,20250422T111500Z,https://www.finanznachrichten.de/chart-blackrock-inc-aktie-intraday-tradegate.png,finanznachrichten.de,German,Germany,,,German,7abba11e91562562b8fae0c3d9213489,stock market
https://www.finanznachrichten.de/nachrichten-2025-04/65169509-dax-leidet-unter-trump-airbus-allianz-bvb-deutsche-telekom-renk-sap-und-siemens-energy-124.htm,,"DAX leidet unter Trump - Airbus , Allianz , BVB , Deutsche Telekom , Renk , SAP und Siemens Energy",20250422T073000Z,https://www.finanznachrichten.de/chart-airbus-se-aktie-intraklein-xetra.png,finanznachrichten.de,German,Germany,,,German,aa1541765d53ec14c6125afcc56008fa,stock market
https://www.finanznachrichten.de/nachrichten-2025-04/65170346-ch-eroeffnung-schwaecher-fusion-helvetia-baloise-im-fokus-095.htm,,CH - Eröffnung : Schwächer - Fusion Helvetia / Baloise im Fokus,20250422T083000Z,https://www.finanznachrichten.de/chart-baloise-holding-ag-aktie-intraday-ls.png,finanznachrichten.de,German,Germany,,,German,753c33b7f26dfa04c6d81b722f5025ca,stock market
https://www.finanznachrichten.de/nachrichten-2025-04/65185443-strategy-aktie-zieht-an-kommt-jetzt-die-kursexplosion-486.htm,,Strategy - Aktie zieht an : Kommt jetzt die Kursexplosion ? ,20250423T103000Z,https://www.finanznachrichten.de/chart-microstrategy-inc-aktie-intraday-tradegate.png,finanznachrichten.de,German,Germany,,,German,684f3a69add5548a3db705984b398a7d,stock market
